tankId,timestamp,componentId,severity,code,message
TNK-B-023,2025-08-15 13:10:41,eng-001,INFO,INFO_0000,Routine system check completed
TNK-B-023,2025-08-17 05:10:41,eng-001,WARNING,ERR_6209,Component degradation detected: health=55.4%
TNK-B-023,2025-08-17 07:10:41,eng-001,WARNING,ERR_3058,Component degradation detected: health=58.7%
TNK-B-023,2025-08-17 11:10:41,eng-001,WARNING,ERR_8182,Component degradation detected: health=52.5%
TNK-B-023,2025-08-18 09:10:41,eng-001,WARNING,ERR_8107,Component degradation detected: health=52.1%
TNK-B-023,2025-08-19 16:10:41,eng-001,WARNING,ERR_3374,Component degradation detected: health=43.2%
TNK-B-023,2025-08-21 19:10:41,eng-001,ERROR,ERR_6803,Component degradation detected: health=35.6%
TNK-B-023,2025-08-21 22:10:41,eng-001,ERROR,ERR_4013,Component degradation detected: health=31.9%
TNK-B-023,2025-08-22 01:10:41,eng-001,ERROR,ERR_5223,Component degradation detected: health=34.1%
TNK-B-023,2025-08-22 11:10:41,eng-001,ERROR,ERR_2633,Component degradation detected: health=30.9%
TNK-B-023,2025-08-22 23:10:41,eng-001,ERROR,ERR_8690,Component degradation detected: health=30.5%
TNK-B-023,2025-08-23 00:10:41,eng-001,ERROR,ERR_6683,Component degradation detected: health=31.7%
TNK-B-023,2025-08-23 11:10:41,eng-001,ERROR,ERR_6901,Component degradation detected: health=26.7%
TNK-B-023,2025-08-24 10:10:41,eng-001,ERROR,ERR_1427,Component degradation detected: health=25.3%
TNK-B-023,2025-08-24 14:10:41,eng-001,ERROR,ERR_6123,Component degradation detected: health=23.7%
TNK-B-023,2025-08-24 23:10:41,eng-001,ERROR,ERR_4643,Component degradation detected: health=22.5%
TNK-B-023,2025-08-25 04:10:41,eng-001,INFO,INFO_0000,Routine system check completed
TNK-B-023,2025-08-25 23:10:41,eng-001,ERROR,ERR_7388,Component degradation detected: health=19.1%
TNK-B-023,2025-08-26 00:10:41,eng-001,ERROR,ERR_3459,Component degradation detected: health=19.8%
TNK-B-023,2025-08-26 11:10:41,eng-001,ERROR,ERR_4581,Component degradation detected: health=16.5%
TNK-B-023,2025-08-26 13:10:41,eng-001,ERROR,ERR_7349,Component degradation detected: health=17.5%
TNK-B-023,2025-08-27 14:10:41,eng-001,ERROR,ERR_2210,Component degradation detected: health=14.0%
TNK-B-023,2025-08-27 21:10:41,eng-001,ERROR,ERR_2845,Component degradation detected: health=14.8%
TNK-B-023,2025-08-28 00:10:41,eng-001,ERROR,ERR_6633,Component degradation detected: health=13.9%
TNK-B-023,2025-08-28 02:10:41,eng-001,ERROR,ERR_6443,Component degradation detected: health=14.7%
TNK-B-023,2025-08-28 04:10:41,eng-001,ERROR,ERR_9929,Component degradation detected: health=13.9%
TNK-B-023,2025-08-28 23:10:41,eng-001,ERROR,ERR_2625,Component degradation detected: health=11.9%
TNK-B-023,2025-08-29 14:10:41,eng-001,ERROR,ERR_4256,Component degradation detected: health=10.6%
TNK-B-023,2025-08-30 09:10:41,eng-001,ERROR,ERR_1693,Component degradation detected: health=8.0%
TNK-B-023,2025-08-31 06:10:41,eng-001,ERROR,ERR_9074,Component degradation detected: health=7.6%
TNK-B-023,2025-08-31 16:10:41,eng-001,ERROR,ERR_3059,Component degradation detected: health=6.6%
TNK-B-023,2025-09-01 06:10:41,eng-001,ERROR,ERR_2133,Component degradation detected: health=6.2%
TNK-B-023,2025-09-01 11:10:41,eng-001,ERROR,ERR_4348,Component degradation detected: health=5.9%
TNK-B-023,2025-09-01 12:10:41,eng-001,ERROR,ERR_2228,Component degradation detected: health=5.9%
TNK-B-023,2025-09-01 16:10:41,eng-001,ERROR,ERR_3979,Component degradation detected: health=6.0%
TNK-B-023,2025-09-02 16:10:41,eng-001,ERROR,ERR_8914,Component degradation detected: health=4.1%
TNK-B-023,2025-09-02 21:10:41,eng-001,ERROR,ERR_7700,Component degradation detected: health=4.3%
TNK-B-023,2025-09-02 22:10:41,eng-001,ERROR,ERR_1192,Component degradation detected: health=4.1%
TNK-B-023,2025-09-03 02:10:41,eng-001,ERROR,ERR_1085,Component degradation detected: health=3.7%
TNK-B-023,2025-09-03 09:10:41,eng-001,ERROR,ERR_8674,Component degradation detected: health=3.4%
TNK-B-023,2025-09-03 10:10:41,eng-001,ERROR,ERR_1273,Component degradation detected: health=3.6%
TNK-B-023,2025-09-03 13:10:41,eng-001,ERROR,ERR_6417,Component degradation detected: health=3.7%
TNK-B-023,2025-09-03 15:10:41,eng-001,ERROR,ERR_8702,Component degradation detected: health=3.4%
TNK-B-023,2025-09-04 02:10:41,eng-001,ERROR,ERR_6237,Component degradation detected: health=3.3%
TNK-B-023,2025-09-04 05:10:41,eng-001,ERROR,ERR_6348,Component degradation detected: health=3.2%
TNK-B-023,2025-09-04 07:10:41,eng-001,ERROR,ERR_5950,Component degradation detected: health=2.9%
TNK-B-023,2025-09-04 11:10:41,eng-001,ERROR,ERR_4553,Component degradation detected: health=3.0%
TNK-B-023,2025-09-05 21:10:41,eng-001,ERROR,ERR_7758,Component degradation detected: health=1.9%
TNK-B-023,2025-09-06 10:10:41,eng-001,ERROR,ERR_2706,Component degradation detected: health=1.7%
TNK-B-023,2025-09-08 10:10:41,eng-001,ERROR,ERR_4120,Component degradation detected: health=1.1%
TNK-B-023,2025-09-08 21:10:41,eng-001,ERROR,ERR_3649,Component degradation detected: health=0.9%
TNK-B-023,2025-09-09 02:10:41,eng-001,ERROR,ERR_8998,Component degradation detected: health=0.9%
TNK-B-023,2025-09-09 09:10:41,eng-001,ERROR,ERR_8746,Component degradation detected: health=0.8%
TNK-B-023,2025-09-09 15:10:41,eng-001,ERROR,ERR_7604,Component degradation detected: health=0.8%
TNK-B-023,2025-09-09 23:10:41,eng-001,ERROR,ERR_6988,Component degradation detected: health=0.7%
TNK-B-023,2025-09-10 17:10:41,eng-001,ERROR,ERR_3409,Component degradation detected: health=0.5%
TNK-B-023,2025-09-11 00:10:41,eng-001,ERROR,ERR_7645,Component degradation detected: health=0.5%
TNK-B-023,2025-09-11 05:10:41,eng-001,ERROR,ERR_8893,Component degradation detected: health=0.4%
TNK-B-023,2025-09-11 05:10:41,eng-001,INFO,INFO_0000,Routine system check completed
TNK-B-023,2025-09-11 08:10:41,eng-001,ERROR,ERR_3070,Component degradation detected: health=0.4%
TNK-B-023,2025-09-12 14:10:41,eng-001,ERROR,ERR_3189,Component degradation detected: health=0.3%
TNK-B-023,2025-09-13 08:10:41,eng-001,ERROR,ERR_5868,Component degradation detected: health=0.2%
TNK-B-023,2025-09-13 18:10:41,eng-001,ERROR,ERR_1467,Component degradation detected: health=0.2%
TNK-B-023,2025-09-13 19:10:41,eng-001,ERROR,ERR_6184,Component degradation detected: health=0.2%
TNK-B-023,2025-09-14 09:10:41,eng-001,ERROR,ERR_9036,Component degradation detected: health=0.2%
TNK-B-023,2025-09-14 20:10:41,eng-001,ERROR,ERR_5532,Component degradation detected: health=0.2%
TNK-B-023,2025-09-15 04:10:41,eng-001,ERROR,ERR_4494,Component degradation detected: health=0.1%
TNK-B-023,2025-09-15 14:10:41,eng-001,ERROR,ERR_1772,Component degradation detected: health=0.1%
TNK-B-023,2025-09-15 14:10:41,eng-001,INFO,INFO_0000,Routine system check completed
TNK-B-023,2025-09-16 08:10:41,eng-001,ERROR,ERR_3546,Component degradation detected: health=0.1%
TNK-B-023,2025-09-16 23:10:41,eng-001,ERROR,ERR_3480,Component degradation detected: health=0.1%
TNK-B-023,2025-09-17 00:10:41,eng-001,ERROR,ERR_1662,Component degradation detected: health=0.1%
TNK-B-023,2025-09-17 06:10:41,eng-001,ERROR,ERR_2746,Component degradation detected: health=0.1%
TNK-B-023,2025-09-18 05:10:41,eng-001,ERROR,ERR_2847,Component degradation detected: health=0.0%
TNK-B-023,2025-09-18 11:10:41,eng-001,ERROR,ERR_4140,Component degradation detected: health=0.0%
TNK-B-023,2025-09-19 10:10:41,eng-001,ERROR,ERR_7763,Component degradation detected: health=0.0%
TNK-B-023,2025-09-19 12:10:41,eng-001,ERROR,ERR_4744,Component degradation detected: health=0.0%
TNK-B-023,2025-09-19 13:10:41,eng-001,ERROR,ERR_6879,Component degradation detected: health=0.0%
TNK-B-023,2025-09-19 19:10:41,eng-001,ERROR,ERR_5620,Component degradation detected: health=0.0%
TNK-B-023,2025-09-19 20:10:41,eng-001,ERROR,ERR_9895,Component degradation detected: health=0.0%
TNK-B-023,2025-09-19 23:10:41,eng-001,ERROR,ERR_8251,Component degradation detected: health=0.0%
TNK-B-023,2025-09-20 05:10:41,eng-001,ERROR,ERR_8454,Component degradation detected: health=0.0%
TNK-B-023,2025-09-20 06:10:41,eng-001,ERROR,ERR_8180,Component degradation detected: health=0.0%
TNK-B-023,2025-09-20 07:10:41,eng-001,ERROR,ERR_9498,Component degradation detected: health=0.0%
TNK-B-023,2025-09-21 10:10:41,eng-001,ERROR,ERR_3273,Component degradation detected: health=0.0%
TNK-B-023,2025-09-21 18:10:41,eng-001,ERROR,ERR_7390,Component degradation detected: health=0.0%
TNK-B-023,2025-09-22 01:10:41,eng-001,ERROR,ERR_4570,Component degradation detected: health=0.0%
TNK-B-023,2025-09-22 03:10:41,eng-001,ERROR,ERR_3628,Component degradation detected: health=0.0%
TNK-B-023,2025-09-22 04:10:41,eng-001,ERROR,ERR_2116,Component degradation detected: health=0.0%
TNK-B-023,2025-09-22 16:10:41,eng-001,ERROR,ERR_3843,Component degradation detected: health=0.0%
TNK-B-023,2025-09-23 16:10:41,eng-001,ERROR,ERR_9312,Component degradation detected: health=0.0%
TNK-B-023,2025-09-23 18:10:41,eng-001,ERROR,ERR_2486,Component degradation detected: health=0.0%
TNK-B-023,2025-09-23 19:10:41,eng-001,ERROR,ERR_8020,Component degradation detected: health=0.0%
TNK-B-023,2025-09-24 02:10:41,eng-001,ERROR,ERR_5794,Component degradation detected: health=0.0%
TNK-B-023,2025-09-24 10:10:41,eng-001,ERROR,ERR_9373,Component degradation detected: health=0.0%
TNK-B-023,2025-09-24 11:10:41,eng-001,ERROR,ERR_2173,Component degradation detected: health=0.0%
TNK-B-023,2025-09-25 02:10:41,eng-001,ERROR,ERR_6959,Component degradation detected: health=0.0%
TNK-B-023,2025-09-26 08:10:41,eng-001,ERROR,ERR_3784,Component degradation detected: health=0.0%
TNK-B-023,2025-09-26 13:10:41,eng-001,ERROR,ERR_4413,Component degradation detected: health=0.0%
TNK-B-023,2025-09-26 15:10:41,eng-001,ERROR,ERR_5508,Component degradation detected: health=0.0%
TNK-B-023,2025-09-26 22:10:41,eng-001,ERROR,ERR_3662,Component degradation detected: health=0.0%
TNK-B-023,2025-09-27 17:10:41,eng-001,ERROR,ERR_1710,Component degradation detected: health=0.0%
TNK-B-023,2025-09-28 07:10:41,eng-001,ERROR,ERR_5331,Component degradation detected: health=0.0%
TNK-B-023,2025-09-28 18:10:41,eng-001,ERROR,ERR_8795,Component degradation detected: health=0.0%
TNK-B-023,2025-09-29 04:10:41,eng-001,ERROR,ERR_2126,Component degradation detected: health=0.0%
TNK-B-023,2025-09-29 05:10:41,eng-001,ERROR,ERR_8958,Component degradation detected: health=0.0%
TNK-B-023,2025-09-29 12:10:41,eng-001,ERROR,ERR_4698,Component degradation detected: health=0.0%
TNK-B-023,2025-09-30 05:10:41,eng-001,ERROR,ERR_5427,Component degradation detected: health=0.0%
TNK-B-023,2025-09-30 22:10:41,eng-001,ERROR,ERR_6034,Component degradation detected: health=0.0%
TNK-B-023,2025-10-01 04:10:41,eng-001,INFO,INFO_0000,Routine system check completed
TNK-B-023,2025-10-01 15:10:41,eng-001,ERROR,ERR_3863,Component degradation detected: health=0.0%
TNK-B-023,2025-10-01 16:10:41,eng-001,ERROR,ERR_3947,Component degradation detected: health=0.0%
TNK-B-023,2025-10-02 11:10:41,eng-001,ERROR,ERR_4127,Component degradation detected: health=0.0%
TNK-B-023,2025-10-02 12:10:41,eng-001,ERROR,ERR_4667,Component degradation detected: health=0.0%
TNK-B-023,2025-10-03 02:10:41,eng-001,ERROR,ERR_3262,Component degradation detected: health=0.0%
TNK-B-023,2025-10-03 16:10:41,eng-001,ERROR,ERR_3044,Component degradation detected: health=0.0%
TNK-B-023,2025-10-03 21:10:41,eng-001,ERROR,ERR_8036,Component degradation detected: health=0.0%
TNK-B-023,2025-10-06 00:10:41,eng-001,ERROR,ERR_1982,Component degradation detected: health=0.0%
TNK-B-023,2025-10-06 04:10:41,eng-001,ERROR,ERR_2547,Component degradation detected: health=0.0%
TNK-B-023,2025-10-06 06:10:41,eng-001,ERROR,ERR_4382,Component degradation detected: health=0.0%
TNK-B-023,2025-10-07 03:10:41,eng-001,ERROR,ERR_5202,Component degradation detected: health=0.0%
TNK-B-023,2025-10-07 06:10:41,eng-001,ERROR,ERR_3386,Component degradation detected: health=0.0%
TNK-B-023,2025-10-07 08:10:41,eng-001,ERROR,ERR_8330,Component degradation detected: health=0.0%
TNK-B-023,2025-10-07 09:10:41,eng-001,ERROR,ERR_5362,Component degradation detected: health=0.0%
TNK-B-023,2025-10-07 15:10:41,eng-001,ERROR,ERR_6013,Component degradation detected: health=0.0%
TNK-B-023,2025-10-07 20:10:41,eng-001,ERROR,ERR_1262,Component degradation detected: health=0.0%
TNK-B-023,2025-10-08 23:10:41,eng-001,ERROR,ERR_9212,Component degradation detected: health=0.0%
TNK-B-023,2025-10-09 08:10:41,eng-001,ERROR,ERR_3131,Component degradation detected: health=0.0%
TNK-B-023,2025-10-09 09:10:41,eng-001,ERROR,ERR_4378,Component degradation detected: health=0.0%
TNK-B-023,2025-10-09 11:10:41,eng-001,ERROR,ERR_1686,Component degradation detected: health=0.0%
TNK-B-023,2025-10-09 14:10:41,eng-001,ERROR,ERR_6434,Component degradation detected: health=0.0%
TNK-B-023,2025-10-09 16:10:41,eng-001,ERROR,ERR_9532,Component degradation detected: health=0.0%
TNK-B-023,2025-10-10 13:10:41,eng-001,ERROR,ERR_2209,Component degradation detected: health=0.0%
TNK-B-023,2025-10-11 22:10:41,eng-001,ERROR,ERR_8444,Component degradation detected: health=0.0%
TNK-B-023,2025-10-12 22:10:41,eng-001,ERROR,ERR_5924,Component degradation detected: health=0.0%
TNK-B-023,2025-10-13 16:10:41,eng-001,ERROR,ERR_5708,Component degradation detected: health=0.0%
TNK-B-023,2025-10-14 09:10:41,eng-001,ERROR,ERR_3211,Component degradation detected: health=0.0%
TNK-B-023,2025-10-14 12:10:41,eng-001,ERROR,ERR_3075,Component degradation detected: health=0.0%
TNK-B-023,2025-10-14 13:10:41,eng-001,ERROR,ERR_7039,Component degradation detected: health=0.0%
TNK-B-023,2025-10-14 14:10:41,eng-001,ERROR,ERR_4133,Component degradation detected: health=0.0%
TNK-B-023,2025-10-14 21:10:41,eng-001,ERROR,ERR_8572,Component degradation detected: health=0.0%
TNK-B-023,2025-10-15 01:10:41,eng-001,ERROR,ERR_1131,Component degradation detected: health=0.0%
TNK-B-023,2025-10-15 06:10:41,eng-001,ERROR,ERR_5942,Component degradation detected: health=0.0%
TNK-B-023,2025-10-15 12:10:41,eng-001,ERROR,ERR_3971,Component degradation detected: health=0.0%
TNK-B-023,2025-10-15 21:10:41,eng-001,INFO,INFO_0000,Routine system check completed
TNK-B-023,2025-10-16 03:10:41,eng-001,ERROR,ERR_8019,Component degradation detected: health=0.0%
TNK-B-023,2025-10-16 17:10:41,eng-001,ERROR,ERR_5926,Component degradation detected: health=0.0%
TNK-B-023,2025-10-16 22:10:41,eng-001,ERROR,ERR_1474,Component degradation detected: health=0.0%
TNK-B-023,2025-10-17 06:10:41,eng-001,ERROR,ERR_4737,Component degradation detected: health=0.0%
TNK-B-023,2025-10-17 10:10:41,eng-001,ERROR,ERR_1366,Component degradation detected: health=0.0%
TNK-B-023,2025-10-17 11:10:41,eng-001,ERROR,ERR_6649,Component degradation detected: health=0.0%
TNK-B-023,2025-10-17 16:10:41,eng-001,ERROR,ERR_4059,Component degradation detected: health=0.0%
TNK-B-023,2025-10-18 21:10:41,eng-001,ERROR,ERR_3139,Component degradation detected: health=0.0%
TNK-B-023,2025-10-19 11:10:41,eng-001,ERROR,ERR_4728,Component degradation detected: health=0.0%
TNK-B-023,2025-10-19 20:10:41,eng-001,ERROR,ERR_1271,Component degradation detected: health=0.0%
TNK-B-023,2025-10-20 15:10:41,eng-001,ERROR,ERR_6910,Component degradation detected: health=0.0%
TNK-B-023,2025-10-20 18:10:41,eng-001,ERROR,ERR_9557,Component degradation detected: health=0.0%
TNK-B-023,2025-10-21 06:10:41,eng-001,ERROR,ERR_2879,Component degradation detected: health=0.0%
TNK-B-023,2025-10-21 10:10:41,eng-001,ERROR,ERR_9255,Component degradation detected: health=0.0%
TNK-B-023,2025-10-22 03:10:41,eng-001,ERROR,ERR_9727,Component degradation detected: health=0.0%
TNK-B-023,2025-10-22 05:10:41,eng-001,ERROR,ERR_6353,Component degradation detected: health=0.0%
TNK-B-023,2025-10-22 09:10:41,eng-001,ERROR,ERR_8808,Component degradation detected: health=0.0%
TNK-B-023,2025-10-22 16:10:41,eng-001,ERROR,ERR_7475,Component degradation detected: health=0.0%
TNK-B-023,2025-10-22 18:10:41,eng-001,ERROR,ERR_8903,Component degradation detected: health=0.0%
TNK-B-023,2025-10-23 17:10:41,eng-001,ERROR,ERR_2867,Component degradation detected: health=0.0%
TNK-B-023,2025-10-24 17:10:41,eng-001,INFO,INFO_0000,Routine system check completed
TNK-B-023,2025-10-25 18:10:41,eng-001,ERROR,ERR_4062,Component degradation detected: health=0.0%
TNK-B-023,2025-10-25 22:10:41,eng-001,ERROR,ERR_1859,Component degradation detected: health=0.0%
TNK-B-023,2025-10-26 08:10:41,eng-001,ERROR,ERR_8135,Component degradation detected: health=0.0%
TNK-B-023,2025-10-26 09:10:41,eng-001,ERROR,ERR_6690,Component degradation detected: health=0.0%
TNK-B-023,2025-10-26 23:10:41,eng-001,ERROR,ERR_6904,Component degradation detected: health=0.0%
TNK-B-023,2025-10-27 03:10:41,eng-001,ERROR,ERR_5466,Component degradation detected: health=0.0%
TNK-B-023,2025-10-27 15:10:41,eng-001,ERROR,ERR_1929,Component degradation detected: health=0.0%
TNK-B-023,2025-10-28 06:10:41,eng-001,INFO,INFO_0000,Routine system check completed
TNK-B-023,2025-10-28 08:10:41,eng-001,ERROR,ERR_1962,Component degradation detected: health=0.0%
TNK-B-023,2025-10-28 12:10:41,eng-001,ERROR,ERR_9980,Component degradation detected: health=0.0%
TNK-B-023,2025-10-28 23:10:41,eng-001,INFO,INFO_0000,Routine system check completed
TNK-B-023,2025-10-30 12:10:41,eng-001,ERROR,ERR_7449,Component degradation detected: health=0.0%
TNK-B-023,2025-10-30 18:10:41,eng-001,ERROR,ERR_9505,Component degradation detected: health=0.0%
TNK-B-023,2025-10-31 00:10:41,eng-001,ERROR,ERR_5238,Component degradation detected: health=0.0%
TNK-B-023,2025-10-31 11:10:41,eng-001,ERROR,ERR_2232,Component degradation detected: health=0.0%
TNK-B-023,2025-10-31 12:10:41,eng-001,ERROR,ERR_3401,Component degradation detected: health=0.0%
TNK-B-023,2025-10-31 14:10:41,eng-001,ERROR,ERR_1776,Component degradation detected: health=0.0%
TNK-B-023,2025-10-31 16:10:41,eng-001,ERROR,ERR_9172,Component degradation detected: health=0.0%
TNK-B-023,2025-10-31 22:10:41,eng-001,INFO,INFO_0000,Routine system check completed
TNK-B-023,2025-08-13 10:10:41,trn-001,INFO,INFO_0000,Routine system check completed
TNK-B-023,2025-08-19 17:10:41,trn-001,WARNING,ERR_5452,Component degradation detected: health=58.6%
TNK-B-023,2025-08-20 03:10:41,trn-001,INFO,INFO_0000,Routine system check completed
TNK-B-023,2025-08-20 06:10:41,trn-001,WARNING,ERR_1915,Component degradation detected: health=55.8%
TNK-B-023,2025-08-21 02:10:41,trn-001,WARNING,ERR_9519,Component degradation detected: health=57.9%
TNK-B-023,2025-08-21 13:10:41,trn-001,WARNING,ERR_7161,Component degradation detected: health=47.7%
TNK-B-023,2025-08-21 20:10:41,trn-001,WARNING,ERR_5000,Component degradation detected: health=51.0%
TNK-B-023,2025-08-22 15:10:41,trn-001,WARNING,ERR_3706,Component degradation detected: health=49.1%
TNK-B-023,2025-08-22 16:10:41,trn-001,WARNING,ERR_8239,Component degradation detected: health=46.1%
TNK-B-023,2025-08-23 04:10:41,trn-001,WARNING,ERR_2060,Component degradation detected: health=43.0%
TNK-B-023,2025-08-23 11:10:41,trn-001,WARNING,ERR_4386,Component degradation detected: health=41.8%
TNK-B-023,2025-08-23 14:10:41,trn-001,WARNING,ERR_1891,Component degradation detected: health=40.9%
TNK-B-023,2025-08-24 04:10:41,trn-001,WARNING,ERR_3100,Component degradation detected: health=41.5%
TNK-B-023,2025-08-24 12:10:41,trn-001,ERROR,ERR_8285,Component degradation detected: health=38.1%
TNK-B-023,2025-08-24 16:10:41,trn-001,INFO,INFO_0000,Routine system check completed
TNK-B-023,2025-08-24 17:10:41,trn-001,ERROR,ERR_7007,Component degradation detected: health=39.1%
TNK-B-023,2025-08-25 08:10:41,trn-001,ERROR,ERR_4251,Component degradation detected: health=34.4%
TNK-B-023,2025-08-25 16:10:41,trn-001,ERROR,ERR_5292,Component degradation detected: health=35.6%
TNK-B-023,2025-08-25 19:10:41,trn-001,ERROR,ERR_2547,Component degradation detected: health=34.8%
TNK-B-023,2025-08-25 20:10:41,trn-001,ERROR,ERR_2486,Component degradation detected: health=32.9%
TNK-B-023,2025-08-25 21:10:41,trn-001,ERROR,ERR_5099,Component degradation detected: health=33.0%
TNK-B-023,2025-08-26 07:10:41,trn-001,ERROR,ERR_3051,Component degradation detected: health=29.2%
TNK-B-023,2025-08-26 19:10:41,trn-001,ERROR,ERR_9461,Component degradation detected: health=26.3%
TNK-B-023,2025-08-26 21:10:41,trn-001,INFO,INFO_0000,Routine system check completed
TNK-B-023,2025-08-26 22:10:41,trn-001,ERROR,ERR_3659,Component degradation detected: health=28.6%
TNK-B-023,2025-08-27 00:10:41,trn-001,ERROR,ERR_3819,Component degradation detected: health=27.8%
TNK-B-023,2025-08-27 15:10:41,trn-001,ERROR,ERR_1378,Component degradation detected: health=26.5%
TNK-B-023,2025-08-28 03:10:41,trn-001,ERROR,ERR_9918,Component degradation detected: health=23.5%
TNK-B-023,2025-08-28 10:10:41,trn-001,ERROR,ERR_1110,Component degradation detected: health=23.7%
TNK-B-023,2025-08-29 01:10:41,trn-001,ERROR,ERR_2042,Component degradation detected: health=24.1%
TNK-B-023,2025-08-29 02:10:41,trn-001,ERROR,ERR_7902,Component degradation detected: health=22.1%
TNK-B-023,2025-08-29 13:10:41,trn-001,ERROR,ERR_9412,Component degradation detected: health=21.9%
TNK-B-023,2025-08-30 08:10:41,trn-001,ERROR,ERR_3290,Component degradation detected: health=16.3%
TNK-B-023,2025-08-30 16:10:41,trn-001,ERROR,ERR_9463,Component degradation detected: health=17.1%
TNK-B-023,2025-08-31 06:10:41,trn-001,ERROR,ERR_1085,Component degradation detected: health=14.6%
TNK-B-023,2025-09-02 08:10:41,trn-001,ERROR,ERR_5156,Component degradation detected: health=11.0%
TNK-B-023,2025-09-03 10:10:41,trn-001,ERROR,ERR_3354,Component degradation detected: health=8.8%
TNK-B-023,2025-09-03 11:10:41,trn-001,ERROR,ERR_9373,Component degradation detected: health=7.7%
TNK-B-023,2025-09-03 17:10:41,trn-001,ERROR,ERR_2710,Component degradation detected: health=8.6%
TNK-B-023,2025-09-03 22:10:41,trn-001,ERROR,ERR_1021,Component degradation detected: health=8.4%
TNK-B-023,2025-09-04 20:10:41,trn-001,ERROR,ERR_1536,Component degradation detected: health=6.5%
TNK-B-023,2025-09-04 22:10:41,trn-001,ERROR,ERR_3662,Component degradation detected: health=6.3%
TNK-B-023,2025-09-05 02:10:41,trn-001,ERROR,ERR_3069,Component degradation detected: health=6.2%
TNK-B-023,2025-09-05 05:10:41,trn-001,ERROR,ERR_9907,Component degradation detected: health=5.8%
TNK-B-023,2025-09-05 22:10:41,trn-001,ERROR,ERR_4128,Component degradation detected: health=5.1%
TNK-B-023,2025-09-06 15:10:41,trn-001,ERROR,ERR_1585,Component degradation detected: health=4.0%
TNK-B-023,2025-09-06 23:10:41,trn-001,INFO,INFO_0000,Routine system check completed
TNK-B-023,2025-09-08 11:10:41,trn-001,ERROR,ERR_2482,Component degradation detected: health=2.9%
TNK-B-023,2025-09-08 12:10:41,trn-001,INFO,INFO_0000,Routine system check completed
TNK-B-023,2025-09-08 20:10:41,trn-001,ERROR,ERR_9500,Component degradation detected: health=2.8%
TNK-B-023,2025-09-09 04:10:41,trn-001,ERROR,ERR_6060,Component degradation detected: health=2.5%
TNK-B-023,2025-09-09 09:10:41,trn-001,ERROR,ERR_6073,Component degradation detected: health=2.4%
TNK-B-023,2025-09-09 14:10:41,trn-001,ERROR,ERR_2353,Component degradation detected: health=2.1%
TNK-B-023,2025-09-09 23:10:41,trn-001,ERROR,ERR_3544,Component degradation detected: health=2.0%
TNK-B-023,2025-09-10 03:10:41,trn-001,ERROR,ERR_9409,Component degradation detected: health=1.7%
TNK-B-023,2025-09-12 03:10:41,trn-001,ERROR,ERR_9330,Component degradation detected: health=1.0%
TNK-B-023,2025-09-12 16:10:41,trn-001,ERROR,ERR_4690,Component degradation detected: health=0.9%
TNK-B-023,2025-09-13 01:10:41,trn-001,ERROR,ERR_4868,Component degradation detected: health=0.8%
TNK-B-023,2025-09-13 05:10:41,trn-001,ERROR,ERR_3877,Component degradation detected: health=0.8%
TNK-B-023,2025-09-13 22:10:41,trn-001,ERROR,ERR_5814,Component degradation detected: health=0.6%
TNK-B-023,2025-09-14 02:10:41,trn-001,ERROR,ERR_8160,Component degradation detected: health=0.6%
TNK-B-023,2025-09-14 04:10:41,trn-001,ERROR,ERR_2985,Component degradation detected: health=0.6%
TNK-B-023,2025-09-14 12:10:41,trn-001,ERROR,ERR_2805,Component degradation detected: health=0.5%
TNK-B-023,2025-09-15 19:10:41,trn-001,ERROR,ERR_8411,Component degradation detected: health=0.3%
TNK-B-023,2025-09-15 19:10:41,trn-001,INFO,INFO_0000,Routine system check completed
TNK-B-023,2025-09-15 21:10:41,trn-001,ERROR,ERR_9308,Component degradation detected: health=0.3%
TNK-B-023,2025-09-15 23:10:41,trn-001,ERROR,ERR_4786,Component degradation detected: health=0.4%
TNK-B-023,2025-09-16 03:10:41,trn-001,ERROR,ERR_9867,Component degradation detected: health=0.3%
TNK-B-023,2025-09-16 18:10:41,trn-001,ERROR,ERR_4581,Component degradation detected: health=0.3%
TNK-B-023,2025-09-16 22:10:41,trn-001,ERROR,ERR_7904,Component degradation detected: health=0.3%
TNK-B-023,2025-09-16 23:10:41,trn-001,ERROR,ERR_4315,Component degradation detected: health=0.2%
TNK-B-023,2025-09-17 01:10:41,trn-001,ERROR,ERR_2071,Component degradation detected: health=0.2%
TNK-B-023,2025-09-17 11:10:41,trn-001,ERROR,ERR_6998,Component degradation detected: health=0.2%
TNK-B-023,2025-09-17 14:10:41,trn-001,ERROR,ERR_4913,Component degradation detected: health=0.2%
TNK-B-023,2025-09-17 23:10:41,trn-001,ERROR,ERR_5315,Component degradation detected: health=0.2%
TNK-B-023,2025-09-18 07:10:41,trn-001,ERROR,ERR_3986,Component degradation detected: health=0.2%
TNK-B-023,2025-09-18 09:10:41,trn-001,ERROR,ERR_3004,Component degradation detected: health=0.1%
TNK-B-023,2025-09-18 11:10:41,trn-001,ERROR,ERR_3523,Component degradation detected: health=0.1%
TNK-B-023,2025-09-18 17:10:41,trn-001,INFO,INFO_0000,Routine system check completed
TNK-B-023,2025-09-18 18:10:41,trn-001,INFO,INFO_0000,Routine system check completed
TNK-B-023,2025-09-19 17:10:41,trn-001,ERROR,ERR_7799,Component degradation detected: health=0.1%
TNK-B-023,2025-09-19 21:10:41,trn-001,ERROR,ERR_7970,Component degradation detected: health=0.1%
TNK-B-023,2025-09-21 13:10:41,trn-001,ERROR,ERR_8725,Component degradation detected: health=0.1%
TNK-B-023,2025-09-21 21:10:41,trn-001,ERROR,ERR_5560,Component degradation detected: health=0.0%
TNK-B-023,2025-09-22 03:10:41,trn-001,ERROR,ERR_9432,Component degradation detected: health=0.0%
TNK-B-023,2025-09-23 05:10:41,trn-001,ERROR,ERR_4862,Component degradation detected: health=0.0%
TNK-B-023,2025-09-23 09:10:41,trn-001,ERROR,ERR_9859,Component degradation detected: health=0.0%
TNK-B-023,2025-09-23 11:10:41,trn-001,ERROR,ERR_5190,Component degradation detected: health=0.0%
TNK-B-023,2025-09-23 21:10:41,trn-001,ERROR,ERR_5828,Component degradation detected: health=0.0%
TNK-B-023,2025-09-24 02:10:41,trn-001,ERROR,ERR_7159,Component degradation detected: health=0.0%
TNK-B-023,2025-09-24 17:10:41,trn-001,ERROR,ERR_9853,Component degradation detected: health=0.0%
TNK-B-023,2025-09-24 23:10:41,trn-001,ERROR,ERR_8354,Component degradation detected: health=0.0%
TNK-B-023,2025-09-25 02:10:41,trn-001,ERROR,ERR_2133,Component degradation detected: health=0.0%
TNK-B-023,2025-09-25 23:10:41,trn-001,ERROR,ERR_5411,Component degradation detected: health=0.0%
TNK-B-023,2025-09-26 10:10:41,trn-001,ERROR,ERR_6639,Component degradation detected: health=0.0%
TNK-B-023,2025-09-27 05:10:41,trn-001,ERROR,ERR_3645,Component degradation detected: health=0.0%
TNK-B-023,2025-09-27 06:10:41,trn-001,ERROR,ERR_4928,Component degradation detected: health=0.0%
TNK-B-023,2025-09-27 08:10:41,trn-001,ERROR,ERR_4856,Component degradation detected: health=0.0%
TNK-B-023,2025-09-27 11:10:41,trn-001,ERROR,ERR_9897,Component degradation detected: health=0.0%
TNK-B-023,2025-09-27 12:10:41,trn-001,ERROR,ERR_5922,Component degradation detected: health=0.0%
TNK-B-023,2025-09-27 14:10:41,trn-001,ERROR,ERR_7031,Component degradation detected: health=0.0%
TNK-B-023,2025-09-28 02:10:41,trn-001,ERROR,ERR_8787,Component degradation detected: health=0.0%
TNK-B-023,2025-09-28 23:10:41,trn-001,INFO,INFO_0000,Routine system check completed
TNK-B-023,2025-09-29 04:10:41,trn-001,ERROR,ERR_8187,Component degradation detected: health=0.0%
TNK-B-023,2025-09-29 18:10:41,trn-001,ERROR,ERR_8155,Component degradation detected: health=0.0%
TNK-B-023,2025-09-29 21:10:41,trn-001,ERROR,ERR_4221,Component degradation detected: health=0.0%
TNK-B-023,2025-09-30 07:10:41,trn-001,ERROR,ERR_8994,Component degradation detected: health=0.0%
TNK-B-023,2025-09-30 19:10:41,trn-001,ERROR,ERR_3748,Component degradation detected: health=0.0%
TNK-B-023,2025-10-01 00:10:41,trn-001,ERROR,ERR_9030,Component degradation detected: health=0.0%
TNK-B-023,2025-10-01 05:10:41,trn-001,ERROR,ERR_6892,Component degradation detected: health=0.0%
TNK-B-023,2025-10-01 09:10:41,trn-001,ERROR,ERR_3368,Component degradation detected: health=0.0%
TNK-B-023,2025-10-01 10:10:41,trn-001,ERROR,ERR_8368,Component degradation detected: health=0.0%
TNK-B-023,2025-10-02 12:10:41,trn-001,ERROR,ERR_6897,Component degradation detected: health=0.0%
TNK-B-023,2025-10-03 09:10:41,trn-001,ERROR,ERR_4534,Component degradation detected: health=0.0%
TNK-B-023,2025-10-03 20:10:41,trn-001,ERROR,ERR_5368,Component degradation detected: health=0.0%
TNK-B-023,2025-10-05 06:10:41,trn-001,ERROR,ERR_5795,Component degradation detected: health=0.0%
TNK-B-023,2025-10-05 12:10:41,trn-001,ERROR,ERR_4357,Component degradation detected: health=0.0%
TNK-B-023,2025-10-06 02:10:41,trn-001,ERROR,ERR_5635,Component degradation detected: health=0.0%
TNK-B-023,2025-10-06 10:10:41,trn-001,ERROR,ERR_3164,Component degradation detected: health=0.0%
TNK-B-023,2025-10-06 14:10:41,trn-001,ERROR,ERR_9686,Component degradation detected: health=0.0%
TNK-B-023,2025-10-06 18:10:41,trn-001,ERROR,ERR_6536,Component degradation detected: health=0.0%
TNK-B-023,2025-10-06 20:10:41,trn-001,ERROR,ERR_3148,Component degradation detected: health=0.0%
TNK-B-023,2025-10-06 21:10:41,trn-001,ERROR,ERR_4900,Component degradation detected: health=0.0%
TNK-B-023,2025-10-06 23:10:41,trn-001,ERROR,ERR_1625,Component degradation detected: health=0.0%
TNK-B-023,2025-10-07 09:10:41,trn-001,ERROR,ERR_4569,Component degradation detected: health=0.0%
TNK-B-023,2025-10-08 08:10:41,trn-001,ERROR,ERR_1094,Component degradation detected: health=0.0%
TNK-B-023,2025-10-08 10:10:41,trn-001,ERROR,ERR_9672,Component degradation detected: health=0.0%
TNK-B-023,2025-10-08 15:10:41,trn-001,ERROR,ERR_7140,Component degradation detected: health=0.0%
TNK-B-023,2025-10-08 23:10:41,trn-001,ERROR,ERR_2029,Component degradation detected: health=0.0%
TNK-B-023,2025-10-09 06:10:41,trn-001,INFO,INFO_0000,Routine system check completed
TNK-B-023,2025-10-09 19:10:41,trn-001,ERROR,ERR_5678,Component degradation detected: health=0.0%
TNK-B-023,2025-10-09 23:10:41,trn-001,ERROR,ERR_4792,Component degradation detected: health=0.0%
TNK-B-023,2025-10-10 06:10:41,trn-001,ERROR,ERR_3821,Component degradation detected: health=0.0%
TNK-B-023,2025-10-10 08:10:41,trn-001,ERROR,ERR_5007,Component degradation detected: health=0.0%
TNK-B-023,2025-10-10 09:10:41,trn-001,ERROR,ERR_9017,Component degradation detected: health=0.0%
TNK-B-023,2025-10-10 17:10:41,trn-001,ERROR,ERR_1892,Component degradation detected: health=0.0%
TNK-B-023,2025-10-10 19:10:41,trn-001,ERROR,ERR_3153,Component degradation detected: health=0.0%
TNK-B-023,2025-10-11 08:10:41,trn-001,ERROR,ERR_4381,Component degradation detected: health=0.0%
TNK-B-023,2025-10-13 05:10:41,trn-001,ERROR,ERR_7616,Component degradation detected: health=0.0%
TNK-B-023,2025-10-13 07:10:41,trn-001,ERROR,ERR_2387,Component degradation detected: health=0.0%
TNK-B-023,2025-10-14 22:10:41,trn-001,ERROR,ERR_1332,Component degradation detected: health=0.0%
TNK-B-023,2025-10-15 11:10:41,trn-001,ERROR,ERR_7752,Component degradation detected: health=0.0%
TNK-B-023,2025-10-15 12:10:41,trn-001,ERROR,ERR_6678,Component degradation detected: health=0.0%
TNK-B-023,2025-10-15 14:10:41,trn-001,ERROR,ERR_6165,Component degradation detected: health=0.0%
TNK-B-023,2025-10-15 16:10:41,trn-001,ERROR,ERR_9895,Component degradation detected: health=0.0%
TNK-B-023,2025-10-16 03:10:41,trn-001,ERROR,ERR_6466,Component degradation detected: health=0.0%
TNK-B-023,2025-10-16 11:10:41,trn-001,ERROR,ERR_3606,Component degradation detected: health=0.0%
TNK-B-023,2025-10-16 15:10:41,trn-001,ERROR,ERR_1988,Component degradation detected: health=0.0%
TNK-B-023,2025-10-16 16:10:41,trn-001,ERROR,ERR_7745,Component degradation detected: health=0.0%
TNK-B-023,2025-10-17 12:10:41,trn-001,ERROR,ERR_1069,Component degradation detected: health=0.0%
TNK-B-023,2025-10-18 08:10:41,trn-001,ERROR,ERR_8672,Component degradation detected: health=0.0%
TNK-B-023,2025-10-18 09:10:41,trn-001,ERROR,ERR_8335,Component degradation detected: health=0.0%
TNK-B-023,2025-10-18 10:10:41,trn-001,ERROR,ERR_6720,Component degradation detected: health=0.0%
TNK-B-023,2025-10-18 18:10:41,trn-001,ERROR,ERR_6554,Component degradation detected: health=0.0%
TNK-B-023,2025-10-19 05:10:41,trn-001,ERROR,ERR_3521,Component degradation detected: health=0.0%
TNK-B-023,2025-10-19 13:10:41,trn-001,ERROR,ERR_7234,Component degradation detected: health=0.0%
TNK-B-023,2025-10-19 15:10:41,trn-001,ERROR,ERR_5961,Component degradation detected: health=0.0%
TNK-B-023,2025-10-20 05:10:41,trn-001,ERROR,ERR_8303,Component degradation detected: health=0.0%
TNK-B-023,2025-10-20 09:10:41,trn-001,ERROR,ERR_9524,Component degradation detected: health=0.0%
TNK-B-023,2025-10-20 15:10:41,trn-001,ERROR,ERR_3790,Component degradation detected: health=0.0%
TNK-B-023,2025-10-20 22:10:41,trn-001,ERROR,ERR_5221,Component degradation detected: health=0.0%
TNK-B-023,2025-10-21 01:10:41,trn-001,ERROR,ERR_1365,Component degradation detected: health=0.0%
TNK-B-023,2025-10-21 10:10:41,trn-001,ERROR,ERR_8445,Component degradation detected: health=0.0%
TNK-B-023,2025-10-21 22:10:41,trn-001,ERROR,ERR_6043,Component degradation detected: health=0.0%
TNK-B-023,2025-10-22 00:10:41,trn-001,ERROR,ERR_7942,Component degradation detected: health=0.0%
TNK-B-023,2025-10-22 01:10:41,trn-001,ERROR,ERR_5606,Component degradation detected: health=0.0%
TNK-B-023,2025-10-22 03:10:41,trn-001,ERROR,ERR_1454,Component degradation detected: health=0.0%
TNK-B-023,2025-10-22 11:10:41,trn-001,ERROR,ERR_9175,Component degradation detected: health=0.0%
TNK-B-023,2025-10-23 01:10:41,trn-001,ERROR,ERR_3231,Component degradation detected: health=0.0%
TNK-B-023,2025-10-23 09:10:41,trn-001,ERROR,ERR_4199,Component degradation detected: health=0.0%
TNK-B-023,2025-10-23 18:10:41,trn-001,ERROR,ERR_8201,Component degradation detected: health=0.0%
TNK-B-023,2025-10-24 03:10:41,trn-001,ERROR,ERR_1445,Component degradation detected: health=0.0%
TNK-B-023,2025-10-24 07:10:41,trn-001,ERROR,ERR_6655,Component degradation detected: health=0.0%
TNK-B-023,2025-10-24 11:10:41,trn-001,ERROR,ERR_5863,Component degradation detected: health=0.0%
TNK-B-023,2025-10-24 12:10:41,trn-001,ERROR,ERR_1018,Component degradation detected: health=0.0%
TNK-B-023,2025-10-24 18:10:41,trn-001,ERROR,ERR_4267,Component degradation detected: health=0.0%
TNK-B-023,2025-10-25 03:10:41,trn-001,ERROR,ERR_4468,Component degradation detected: health=0.0%
TNK-B-023,2025-10-25 06:10:41,trn-001,ERROR,ERR_6669,Component degradation detected: health=0.0%
TNK-B-023,2025-10-25 08:10:41,trn-001,ERROR,ERR_2316,Component degradation detected: health=0.0%
TNK-B-023,2025-10-25 13:10:41,trn-001,ERROR,ERR_3953,Component degradation detected: health=0.0%
TNK-B-023,2025-10-26 11:10:41,trn-001,ERROR,ERR_8269,Component degradation detected: health=0.0%
TNK-B-023,2025-10-26 14:10:41,trn-001,ERROR,ERR_6333,Component degradation detected: health=0.0%
TNK-B-023,2025-10-27 03:10:41,trn-001,ERROR,ERR_1345,Component degradation detected: health=0.0%
TNK-B-023,2025-10-27 04:10:41,trn-001,ERROR,ERR_8996,Component degradation detected: health=0.0%
TNK-B-023,2025-10-27 15:10:41,trn-001,ERROR,ERR_4915,Component degradation detected: health=0.0%
TNK-B-023,2025-10-27 18:10:41,trn-001,ERROR,ERR_6181,Component degradation detected: health=0.0%
TNK-B-023,2025-10-28 10:10:41,trn-001,ERROR,ERR_5945,Component degradation detected: health=0.0%
TNK-B-023,2025-10-29 07:10:41,trn-001,ERROR,ERR_7491,Component degradation detected: health=0.0%
TNK-B-023,2025-10-30 07:10:41,trn-001,ERROR,ERR_1267,Component degradation detected: health=0.0%
TNK-B-023,2025-10-31 01:10:41,trn-001,ERROR,ERR_1313,Component degradation detected: health=0.0%
TNK-B-023,2025-10-31 08:10:41,trn-001,ERROR,ERR_1132,Component degradation detected: health=0.0%
TNK-B-023,2025-10-31 14:10:41,trn-001,ERROR,ERR_5830,Component degradation detected: health=0.0%
TNK-B-023,2025-08-11 21:10:41,hyd-001,INFO,INFO_0000,Routine system check completed
TNK-B-023,2025-08-12 21:10:41,hyd-001,WARNING,ERR_6545,Component degradation detected: health=58.5%
TNK-B-023,2025-08-13 16:10:41,hyd-001,WARNING,ERR_7713,Component degradation detected: health=56.2%
TNK-B-023,2025-08-14 02:10:41,hyd-001,WARNING,ERR_6359,Component degradation detected: health=53.8%
TNK-B-023,2025-08-14 13:10:41,hyd-001,WARNING,ERR_4595,Component degradation detected: health=57.8%
TNK-B-023,2025-08-14 21:10:41,hyd-001,WARNING,ERR_6321,Component degradation detected: health=50.8%
TNK-B-023,2025-08-14 23:10:41,hyd-001,WARNING,ERR_6706,Component degradation detected: health=49.9%
TNK-B-023,2025-08-15 03:10:41,hyd-001,WARNING,ERR_7845,Component degradation detected: health=49.7%
TNK-B-023,2025-08-15 08:10:41,hyd-001,INFO,INFO_0000,Routine system check completed
TNK-B-023,2025-08-15 16:10:41,hyd-001,WARNING,ERR_6132,Component degradation detected: health=50.1%
TNK-B-023,2025-08-16 01:10:41,hyd-001,WARNING,ERR_3735,Component degradation detected: health=40.4%
TNK-B-023,2025-08-16 02:10:41,hyd-001,WARNING,ERR_9133,Component degradation detected: health=46.5%
TNK-B-023,2025-08-16 08:10:41,hyd-001,WARNING,ERR_3510,Component degradation detected: health=41.8%
TNK-B-023,2025-08-16 08:10:41,hyd-001,INFO,INFO_0000,Routine system check completed
TNK-B-023,2025-08-16 12:10:41,hyd-001,WARNING,ERR_6439,Component degradation detected: health=42.5%
TNK-B-023,2025-08-16 20:10:41,hyd-001,ERROR,ERR_6984,Component degradation detected: health=38.0%
TNK-B-023,2025-08-17 10:10:41,hyd-001,ERROR,ERR_9813,Component degradation detected: health=36.8%
TNK-B-023,2025-08-18 19:10:41,hyd-001,ERROR,ERR_6389,Component degradation detected: health=31.6%
TNK-B-023,2025-08-18 20:10:41,hyd-001,ERROR,ERR_5314,Component degradation detected: health=34.2%
TNK-B-023,2025-08-19 15:10:41,hyd-001,ERROR,ERR_1455,Component degradation detected: health=28.5%
TNK-B-023,2025-08-19 16:10:41,hyd-001,ERROR,ERR_4615,Component degradation detected: health=29.1%
TNK-B-023,2025-08-20 09:10:41,hyd-001,ERROR,ERR_5499,Component degradation detected: health=24.0%
TNK-B-023,2025-08-21 10:10:41,hyd-001,ERROR,ERR_5753,Component degradation detected: health=21.0%
TNK-B-023,2025-08-21 11:10:41,hyd-001,ERROR,ERR_8423,Component degradation detected: health=21.8%
TNK-B-023,2025-08-22 06:10:41,hyd-001,ERROR,ERR_7912,Component degradation detected: health=18.7%
TNK-B-023,2025-08-22 09:10:41,hyd-001,ERROR,ERR_1967,Component degradation detected: health=18.0%
TNK-B-023,2025-08-22 14:10:41,hyd-001,ERROR,ERR_5446,Component degradation detected: health=17.9%
TNK-B-023,2025-08-22 18:10:41,hyd-001,ERROR,ERR_3698,Component degradation detected: health=17.9%
TNK-B-023,2025-08-23 12:10:41,hyd-001,ERROR,ERR_1481,Component degradation detected: health=14.9%
TNK-B-023,2025-08-24 10:10:41,hyd-001,ERROR,ERR_7518,Component degradation detected: health=13.7%
TNK-B-023,2025-08-24 12:10:41,hyd-001,ERROR,ERR_4743,Component degradation detected: health=12.9%
TNK-B-023,2025-08-24 13:10:41,hyd-001,ERROR,ERR_4467,Component degradation detected: health=14.2%
TNK-B-023,2025-08-25 21:10:41,hyd-001,ERROR,ERR_9618,Component degradation detected: health=10.1%
TNK-B-023,2025-08-26 08:10:41,hyd-001,ERROR,ERR_9141,Component degradation detected: health=10.1%
TNK-B-023,2025-08-26 18:10:41,hyd-001,ERROR,ERR_3356,Component degradation detected: health=8.5%
TNK-B-023,2025-08-27 03:10:41,hyd-001,ERROR,ERR_6101,Component degradation detected: health=9.0%
TNK-B-023,2025-08-27 08:10:41,hyd-001,ERROR,ERR_6558,Component degradation detected: health=8.0%
TNK-B-023,2025-08-27 09:10:41,hyd-001,ERROR,ERR_4998,Component degradation detected: health=8.3%
TNK-B-023,2025-08-27 22:10:41,hyd-001,ERROR,ERR_3924,Component degradation detected: health=7.3%
TNK-B-023,2025-08-28 04:10:41,hyd-001,INFO,INFO_0000,Routine system check completed
TNK-B-023,2025-08-28 15:10:41,hyd-001,ERROR,ERR_5621,Component degradation detected: health=6.1%
TNK-B-023,2025-08-28 19:10:41,hyd-001,ERROR,ERR_8650,Component degradation detected: health=6.5%
TNK-B-023,2025-08-28 23:10:41,hyd-001,ERROR,ERR_8012,Component degradation detected: health=6.3%
TNK-B-023,2025-08-29 02:10:41,hyd-001,ERROR,ERR_1433,Component degradation detected: health=5.7%
TNK-B-023,2025-08-29 06:10:41,hyd-001,ERROR,ERR_8324,Component degradation detected: health=6.1%
TNK-B-023,2025-08-29 07:10:41,hyd-001,ERROR,ERR_6580,Component degradation detected: health=5.9%
TNK-B-023,2025-08-29 10:10:41,hyd-001,ERROR,ERR_8465,Component degradation detected: health=5.5%
TNK-B-023,2025-08-29 18:10:41,hyd-001,ERROR,ERR_8869,Component degradation detected: health=5.0%
TNK-B-023,2025-08-29 21:10:41,hyd-001,ERROR,ERR_7839,Component degradation detected: health=5.2%
TNK-B-023,2025-08-29 23:10:41,hyd-001,ERROR,ERR_7224,Component degradation detected: health=4.9%
TNK-B-023,2025-08-30 05:10:41,hyd-001,ERROR,ERR_2850,Component degradation detected: health=4.7%
TNK-B-023,2025-08-30 11:10:41,hyd-001,ERROR,ERR_2305,Component degradation detected: health=4.8%
TNK-B-023,2025-08-30 13:10:41,hyd-001,ERROR,ERR_2933,Component degradation detected: health=4.4%
TNK-B-023,2025-08-31 07:10:41,hyd-001,ERROR,ERR_2536,Component degradation detected: health=3.8%
TNK-B-023,2025-08-31 16:10:41,hyd-001,ERROR,ERR_3969,Component degradation detected: health=3.6%
TNK-B-023,2025-08-31 20:10:41,hyd-001,ERROR,ERR_2222,Component degradation detected: health=3.3%
TNK-B-023,2025-09-01 00:10:41,hyd-001,ERROR,ERR_9191,Component degradation detected: health=3.1%
TNK-B-023,2025-09-01 01:10:41,hyd-001,ERROR,ERR_1770,Component degradation detected: health=3.2%
TNK-B-023,2025-09-02 02:10:41,hyd-001,ERROR,ERR_5977,Component degradation detected: health=2.7%
TNK-B-023,2025-09-02 08:10:41,hyd-001,ERROR,ERR_8462,Component degradation detected: health=2.4%
TNK-B-023,2025-09-02 10:10:41,hyd-001,ERROR,ERR_8870,Component degradation detected: health=2.4%
TNK-B-023,2025-09-02 12:10:41,hyd-001,INFO,INFO_0000,Routine system check completed
TNK-B-023,2025-09-03 00:10:41,hyd-001,ERROR,ERR_6599,Component degradation detected: health=2.0%
TNK-B-023,2025-09-03 13:10:41,hyd-001,ERROR,ERR_5428,Component degradation detected: health=1.8%
TNK-B-023,2025-09-04 10:10:41,hyd-001,ERROR,ERR_8784,Component degradation detected: health=1.6%
TNK-B-023,2025-09-04 19:10:41,hyd-001,ERROR,ERR_9682,Component degradation detected: health=1.2%
TNK-B-023,2025-09-05 11:10:41,hyd-001,ERROR,ERR_3365,Component degradation detected: health=1.1%
TNK-B-023,2025-09-05 12:10:41,hyd-001,ERROR,ERR_8416,Component degradation detected: health=1.2%
TNK-B-023,2025-09-05 22:10:41,hyd-001,ERROR,ERR_6311,Component degradation detected: health=1.1%
TNK-B-023,2025-09-06 06:10:41,hyd-001,ERROR,ERR_4872,Component degradation detected: health=1.0%
TNK-B-023,2025-09-06 08:10:41,hyd-001,ERROR,ERR_3763,Component degradation detected: health=1.0%
TNK-B-023,2025-09-06 12:10:41,hyd-001,ERROR,ERR_3558,Component degradation detected: health=0.9%
TNK-B-023,2025-09-06 17:10:41,hyd-001,ERROR,ERR_3617,Component degradation detected: health=0.9%
TNK-B-023,2025-09-07 12:10:41,hyd-001,ERROR,ERR_7346,Component degradation detected: health=0.7%
TNK-B-023,2025-09-08 02:10:41,hyd-001,ERROR,ERR_9453,Component degradation detected: health=0.6%
TNK-B-023,2025-09-08 03:10:41,hyd-001,ERROR,ERR_7752,Component degradation detected: health=0.6%
TNK-B-023,2025-09-08 11:10:41,hyd-001,ERROR,ERR_2676,Component degradation detected: health=0.6%
TNK-B-023,2025-09-08 15:10:41,hyd-001,ERROR,ERR_1205,Component degradation detected: health=0.5%
TNK-B-023,2025-09-09 01:10:41,hyd-001,ERROR,ERR_4077,Component degradation detected: health=0.5%
TNK-B-023,2025-09-09 02:10:41,hyd-001,ERROR,ERR_2461,Component degradation detected: health=0.5%
TNK-B-023,2025-09-09 17:10:41,hyd-001,ERROR,ERR_9117,Component degradation detected: health=0.4%
TNK-B-023,2025-09-09 20:10:41,hyd-001,ERROR,ERR_1017,Component degradation detected: health=0.4%
TNK-B-023,2025-09-10 00:10:41,hyd-001,ERROR,ERR_3665,Component degradation detected: health=0.4%
TNK-B-023,2025-09-10 19:10:41,hyd-001,ERROR,ERR_8844,Component degradation detected: health=0.3%
TNK-B-023,2025-09-11 00:10:41,hyd-001,ERROR,ERR_4675,Component degradation detected: health=0.3%
TNK-B-023,2025-09-11 05:10:41,hyd-001,ERROR,ERR_2557,Component degradation detected: health=0.3%
TNK-B-023,2025-09-12 08:10:41,hyd-001,ERROR,ERR_9280,Component degradation detected: health=0.2%
TNK-B-023,2025-09-12 11:10:41,hyd-001,ERROR,ERR_5125,Component degradation detected: health=0.2%
TNK-B-023,2025-09-12 21:10:41,hyd-001,ERROR,ERR_5039,Component degradation detected: health=0.2%
TNK-B-023,2025-09-13 00:10:41,hyd-001,ERROR,ERR_7974,Component degradation detected: health=0.2%
TNK-B-023,2025-09-13 23:10:41,hyd-001,ERROR,ERR_9423,Component degradation detected: health=0.1%
TNK-B-023,2025-09-14 03:10:41,hyd-001,ERROR,ERR_8648,Component degradation detected: health=0.1%
TNK-B-023,2025-09-14 13:10:41,hyd-001,ERROR,ERR_4765,Component degradation detected: health=0.1%
TNK-B-023,2025-09-14 17:10:41,hyd-001,ERROR,ERR_9679,Component degradation detected: health=0.1%
TNK-B-023,2025-09-14 18:10:41,hyd-001,ERROR,ERR_6513,Component degradation detected: health=0.1%
TNK-B-023,2025-09-15 11:10:41,hyd-001,ERROR,ERR_5546,Component degradation detected: health=0.1%
TNK-B-023,2025-09-15 20:10:41,hyd-001,ERROR,ERR_3016,Component degradation detected: health=0.1%
TNK-B-023,2025-09-15 22:10:41,hyd-001,ERROR,ERR_9168,Component degradation detected: health=0.1%
TNK-B-023,2025-09-16 01:10:41,hyd-001,ERROR,ERR_2182,Component degradation detected: health=0.1%
TNK-B-023,2025-09-16 04:10:41,hyd-001,ERROR,ERR_8464,Component degradation detected: health=0.1%
TNK-B-023,2025-09-16 07:10:41,hyd-001,ERROR,ERR_6575,Component degradation detected: health=0.1%
TNK-B-023,2025-09-16 08:10:41,hyd-001,ERROR,ERR_6387,Component degradation detected: health=0.1%
TNK-B-023,2025-09-16 11:10:41,hyd-001,ERROR,ERR_6909,Component degradation detected: health=0.1%
TNK-B-023,2025-09-17 11:10:41,hyd-001,ERROR,ERR_2117,Component degradation detected: health=0.0%
TNK-B-023,2025-09-17 18:10:41,hyd-001,ERROR,ERR_8921,Component degradation detected: health=0.0%
TNK-B-023,2025-09-18 15:10:41,hyd-001,ERROR,ERR_9686,Component degradation detected: health=0.0%
TNK-B-023,2025-09-18 23:10:41,hyd-001,ERROR,ERR_6564,Component degradation detected: health=0.0%
TNK-B-023,2025-09-19 05:10:41,hyd-001,ERROR,ERR_6053,Component degradation detected: health=0.0%
TNK-B-023,2025-09-20 14:10:41,hyd-001,ERROR,ERR_1581,Component degradation detected: health=0.0%
TNK-B-023,2025-09-20 16:10:41,hyd-001,ERROR,ERR_5639,Component degradation detected: health=0.0%
TNK-B-023,2025-09-20 19:10:41,hyd-001,ERROR,ERR_8459,Component degradation detected: health=0.0%
TNK-B-023,2025-09-21 13:10:41,hyd-001,ERROR,ERR_5376,Component degradation detected: health=0.0%
TNK-B-023,2025-09-21 14:10:41,hyd-001,ERROR,ERR_3761,Component degradation detected: health=0.0%
TNK-B-023,2025-09-21 18:10:41,hyd-001,ERROR,ERR_7173,Component degradation detected: health=0.0%
TNK-B-023,2025-09-23 02:10:41,hyd-001,INFO,INFO_0000,Routine system check completed
TNK-B-023,2025-09-23 09:10:41,hyd-001,ERROR,ERR_6601,Component degradation detected: health=0.0%
TNK-B-023,2025-09-24 12:10:41,hyd-001,ERROR,ERR_6247,Component degradation detected: health=0.0%
TNK-B-023,2025-09-24 21:10:41,hyd-001,ERROR,ERR_8529,Component degradation detected: health=0.0%
TNK-B-023,2025-09-24 22:10:41,hyd-001,ERROR,ERR_5554,Component degradation detected: health=0.0%
TNK-B-023,2025-09-25 04:10:41,hyd-001,ERROR,ERR_8557,Component degradation detected: health=0.0%
TNK-B-023,2025-09-25 07:10:41,hyd-001,ERROR,ERR_2678,Component degradation detected: health=0.0%
TNK-B-023,2025-09-25 23:10:41,hyd-001,ERROR,ERR_1464,Component degradation detected: health=0.0%
TNK-B-023,2025-09-26 02:10:41,hyd-001,ERROR,ERR_1010,Component degradation detected: health=0.0%
TNK-B-023,2025-09-26 11:10:41,hyd-001,ERROR,ERR_9146,Component degradation detected: health=0.0%
TNK-B-023,2025-09-28 07:10:41,hyd-001,ERROR,ERR_8046,Component degradation detected: health=0.0%
TNK-B-023,2025-09-28 18:10:41,hyd-001,ERROR,ERR_7217,Component degradation detected: health=0.0%
TNK-B-023,2025-09-28 19:10:41,hyd-001,ERROR,ERR_5376,Component degradation detected: health=0.0%
TNK-B-023,2025-09-29 01:10:41,hyd-001,ERROR,ERR_6900,Component degradation detected: health=0.0%
TNK-B-023,2025-09-29 20:10:41,hyd-001,ERROR,ERR_3875,Component degradation detected: health=0.0%
TNK-B-023,2025-10-01 08:10:41,hyd-001,ERROR,ERR_2327,Component degradation detected: health=0.0%
TNK-B-023,2025-10-01 15:10:41,hyd-001,ERROR,ERR_7293,Component degradation detected: health=0.0%
TNK-B-023,2025-10-01 22:10:41,hyd-001,ERROR,ERR_1247,Component degradation detected: health=0.0%
TNK-B-023,2025-10-02 17:10:41,hyd-001,ERROR,ERR_9384,Component degradation detected: health=0.0%
TNK-B-023,2025-10-02 19:10:41,hyd-001,ERROR,ERR_7156,Component degradation detected: health=0.0%
TNK-B-023,2025-10-03 11:10:41,hyd-001,ERROR,ERR_7615,Component degradation detected: health=0.0%
TNK-B-023,2025-10-04 16:10:41,hyd-001,ERROR,ERR_7093,Component degradation detected: health=0.0%
TNK-B-023,2025-10-04 20:10:41,hyd-001,ERROR,ERR_8292,Component degradation detected: health=0.0%
TNK-B-023,2025-10-04 21:10:41,hyd-001,ERROR,ERR_2475,Component degradation detected: health=0.0%
TNK-B-023,2025-10-05 11:10:41,hyd-001,ERROR,ERR_6817,Component degradation detected: health=0.0%
TNK-B-023,2025-10-05 20:10:41,hyd-001,ERROR,ERR_5057,Component degradation detected: health=0.0%
TNK-B-023,2025-10-05 22:10:41,hyd-001,ERROR,ERR_8610,Component degradation detected: health=0.0%
TNK-B-023,2025-10-06 04:10:41,hyd-001,ERROR,ERR_6254,Component degradation detected: health=0.0%
TNK-B-023,2025-10-06 17:10:41,hyd-001,ERROR,ERR_7313,Component degradation detected: health=0.0%
TNK-B-023,2025-10-07 15:10:41,hyd-001,ERROR,ERR_5821,Component degradation detected: health=0.0%
TNK-B-023,2025-10-07 18:10:41,hyd-001,ERROR,ERR_7733,Component degradation detected: health=0.0%
TNK-B-023,2025-10-07 19:10:41,hyd-001,ERROR,ERR_7292,Component degradation detected: health=0.0%
TNK-B-023,2025-10-08 01:10:41,hyd-001,ERROR,ERR_4207,Component degradation detected: health=0.0%
TNK-B-023,2025-10-08 12:10:41,hyd-001,ERROR,ERR_7699,Component degradation detected: health=0.0%
TNK-B-023,2025-10-09 07:10:41,hyd-001,ERROR,ERR_2711,Component degradation detected: health=0.0%
TNK-B-023,2025-10-09 20:10:41,hyd-001,ERROR,ERR_7547,Component degradation detected: health=0.0%
TNK-B-023,2025-10-11 09:10:41,hyd-001,ERROR,ERR_1467,Component degradation detected: health=0.0%
TNK-B-023,2025-10-11 18:10:41,hyd-001,ERROR,ERR_8440,Component degradation detected: health=0.0%
TNK-B-023,2025-10-13 00:10:41,hyd-001,ERROR,ERR_7586,Component degradation detected: health=0.0%
TNK-B-023,2025-10-13 14:10:41,hyd-001,ERROR,ERR_3548,Component degradation detected: health=0.0%
TNK-B-023,2025-10-14 00:10:41,hyd-001,ERROR,ERR_1425,Component degradation detected: health=0.0%
TNK-B-023,2025-10-14 11:10:41,hyd-001,ERROR,ERR_1033,Component degradation detected: health=0.0%
TNK-B-023,2025-10-14 18:10:41,hyd-001,ERROR,ERR_6709,Component degradation detected: health=0.0%
TNK-B-023,2025-10-15 17:10:41,hyd-001,ERROR,ERR_8830,Component degradation detected: health=0.0%
TNK-B-023,2025-10-15 19:10:41,hyd-001,ERROR,ERR_7430,Component degradation detected: health=0.0%
TNK-B-023,2025-10-16 10:10:41,hyd-001,ERROR,ERR_3649,Component degradation detected: health=0.0%
TNK-B-023,2025-10-17 12:10:41,hyd-001,ERROR,ERR_7451,Component degradation detected: health=0.0%
TNK-B-023,2025-10-17 13:10:41,hyd-001,ERROR,ERR_3816,Component degradation detected: health=0.0%
TNK-B-023,2025-10-18 01:10:41,hyd-001,ERROR,ERR_2581,Component degradation detected: health=0.0%
TNK-B-023,2025-10-18 10:10:41,hyd-001,ERROR,ERR_8929,Component degradation detected: health=0.0%
TNK-B-023,2025-10-18 21:10:41,hyd-001,ERROR,ERR_2180,Component degradation detected: health=0.0%
TNK-B-023,2025-10-18 22:10:41,hyd-001,ERROR,ERR_5211,Component degradation detected: health=0.0%
TNK-B-023,2025-10-19 08:10:41,hyd-001,ERROR,ERR_1286,Component degradation detected: health=0.0%
TNK-B-023,2025-10-19 12:10:41,hyd-001,ERROR,ERR_4898,Component degradation detected: health=0.0%
TNK-B-023,2025-10-19 16:10:41,hyd-001,INFO,INFO_0000,Routine system check completed
TNK-B-023,2025-10-19 18:10:41,hyd-001,ERROR,ERR_9403,Component degradation detected: health=0.0%
TNK-B-023,2025-10-19 19:10:41,hyd-001,ERROR,ERR_9075,Component degradation detected: health=0.0%
TNK-B-023,2025-10-20 11:10:41,hyd-001,ERROR,ERR_6665,Component degradation detected: health=0.0%
TNK-B-023,2025-10-21 06:10:41,hyd-001,ERROR,ERR_1068,Component degradation detected: health=0.0%
TNK-B-023,2025-10-21 14:10:41,hyd-001,ERROR,ERR_4794,Component degradation detected: health=0.0%
TNK-B-023,2025-10-21 19:10:41,hyd-001,ERROR,ERR_8099,Component degradation detected: health=0.0%
TNK-B-023,2025-10-21 21:10:41,hyd-001,ERROR,ERR_5315,Component degradation detected: health=0.0%
TNK-B-023,2025-10-21 23:10:41,hyd-001,ERROR,ERR_1063,Component degradation detected: health=0.0%
TNK-B-023,2025-10-22 01:10:41,hyd-001,ERROR,ERR_9390,Component degradation detected: health=0.0%
TNK-B-023,2025-10-22 08:10:41,hyd-001,ERROR,ERR_9030,Component degradation detected: health=0.0%
TNK-B-023,2025-10-22 21:10:41,hyd-001,INFO,INFO_0000,Routine system check completed
TNK-B-023,2025-10-23 06:10:41,hyd-001,ERROR,ERR_6722,Component degradation detected: health=0.0%
TNK-B-023,2025-10-23 07:10:41,hyd-001,ERROR,ERR_8210,Component degradation detected: health=0.0%
TNK-B-023,2025-10-23 23:10:41,hyd-001,ERROR,ERR_7489,Component degradation detected: health=0.0%
TNK-B-023,2025-10-24 01:10:41,hyd-001,ERROR,ERR_7617,Component degradation detected: health=0.0%
TNK-B-023,2025-10-24 02:10:41,hyd-001,ERROR,ERR_3567,Component degradation detected: health=0.0%
TNK-B-023,2025-10-25 16:10:41,hyd-001,ERROR,ERR_5020,Component degradation detected: health=0.0%
TNK-B-023,2025-10-25 17:10:41,hyd-001,ERROR,ERR_9651,Component degradation detected: health=0.0%
TNK-B-023,2025-10-26 02:10:41,hyd-001,ERROR,ERR_2451,Component degradation detected: health=0.0%
TNK-B-023,2025-10-26 16:10:41,hyd-001,ERROR,ERR_7609,Component degradation detected: health=0.0%
TNK-B-023,2025-10-26 17:10:41,hyd-001,ERROR,ERR_8822,Component degradation detected: health=0.0%
TNK-B-023,2025-10-27 03:10:41,hyd-001,ERROR,ERR_7198,Component degradation detected: health=0.0%
TNK-B-023,2025-10-27 10:10:41,hyd-001,ERROR,ERR_8828,Component degradation detected: health=0.0%
TNK-B-023,2025-10-27 21:10:41,hyd-001,ERROR,ERR_9982,Component degradation detected: health=0.0%
TNK-B-023,2025-10-28 06:10:41,hyd-001,ERROR,ERR_2623,Component degradation detected: health=0.0%
TNK-B-023,2025-10-28 10:10:41,hyd-001,ERROR,ERR_2029,Component degradation detected: health=0.0%
TNK-B-023,2025-10-28 15:10:41,hyd-001,ERROR,ERR_4046,Component degradation detected: health=0.0%
TNK-B-023,2025-10-29 10:10:41,hyd-001,ERROR,ERR_2136,Component degradation detected: health=0.0%
TNK-B-023,2025-10-31 09:10:41,hyd-001,ERROR,ERR_6611,Component degradation detected: health=0.0%
TNK-B-023,2025-10-31 11:10:41,hyd-001,ERROR,ERR_8141,Component degradation detected: health=0.0%
TNK-B-023,2025-10-31 22:10:41,hyd-001,ERROR,ERR_1704,Component degradation detected: health=0.0%
TNK-B-023,2025-08-04 13:10:41,sus-001,INFO,INFO_0000,Routine system check completed
TNK-B-023,2025-08-09 22:10:41,sus-001,INFO,INFO_0000,Routine system check completed
TNK-B-023,2025-08-10 02:10:41,sus-001,INFO,INFO_0000,Routine system check completed
TNK-B-023,2025-08-10 13:10:41,sus-001,INFO,INFO_0000,Routine system check completed
TNK-B-023,2025-08-14 00:10:41,sus-001,WARNING,ERR_3555,Component degradation detected: health=59.6%
TNK-B-023,2025-08-14 05:10:41,sus-001,WARNING,ERR_4302,Component degradation detected: health=57.5%
TNK-B-023,2025-08-15 06:10:41,sus-001,WARNING,ERR_5618,Component degradation detected: health=53.6%
TNK-B-023,2025-08-16 09:10:41,sus-001,WARNING,ERR_5378,Component degradation detected: health=51.5%
TNK-B-023,2025-08-16 10:10:41,sus-001,WARNING,ERR_1994,Component degradation detected: health=48.0%
TNK-B-023,2025-08-16 19:10:41,sus-001,WARNING,ERR_2063,Component degradation detected: health=52.9%
TNK-B-023,2025-08-17 13:10:41,sus-001,WARNING,ERR_7048,Component degradation detected: health=45.1%
TNK-B-023,2025-08-17 21:10:41,sus-001,WARNING,ERR_8830,Component degradation detected: health=47.6%
TNK-B-023,2025-08-18 01:10:41,sus-001,WARNING,ERR_4888,Component degradation detected: health=47.0%
TNK-B-023,2025-08-18 08:10:41,sus-001,WARNING,ERR_8773,Component degradation detected: health=43.3%
TNK-B-023,2025-08-18 22:10:41,sus-001,WARNING,ERR_2066,Component degradation detected: health=42.7%
TNK-B-023,2025-08-19 00:10:41,sus-001,WARNING,ERR_9402,Component degradation detected: health=41.8%
TNK-B-023,2025-08-19 02:10:41,sus-001,ERROR,ERR_6293,Component degradation detected: health=38.6%
TNK-B-023,2025-08-19 03:10:41,sus-001,ERROR,ERR_1005,Component degradation detected: health=38.1%
TNK-B-023,2025-08-19 05:10:41,sus-001,ERROR,ERR_8874,Component degradation detected: health=39.0%
TNK-B-023,2025-08-19 06:10:41,sus-001,ERROR,ERR_2084,Component degradation detected: health=37.6%
TNK-B-023,2025-08-19 09:10:41,sus-001,ERROR,ERR_2591,Component degradation detected: health=37.7%
TNK-B-023,2025-08-19 19:10:41,sus-001,ERROR,ERR_6542,Component degradation detected: health=36.6%
TNK-B-023,2025-08-20 01:10:41,sus-001,ERROR,ERR_2410,Component degradation detected: health=32.9%
TNK-B-023,2025-08-20 02:10:41,sus-001,ERROR,ERR_6499,Component degradation detected: health=33.8%
TNK-B-023,2025-08-20 13:10:41,sus-001,ERROR,ERR_2861,Component degradation detected: health=33.4%
TNK-B-023,2025-08-20 23:10:41,sus-001,ERROR,ERR_1122,Component degradation detected: health=33.6%
TNK-B-023,2025-08-21 01:10:41,sus-001,ERROR,ERR_8764,Component degradation detected: health=31.9%
TNK-B-023,2025-08-21 08:10:41,sus-001,ERROR,ERR_4150,Component degradation detected: health=29.4%
TNK-B-023,2025-08-21 21:10:41,sus-001,ERROR,ERR_5033,Component degradation detected: health=26.4%
TNK-B-023,2025-08-21 22:10:41,sus-001,ERROR,ERR_2154,Component degradation detected: health=26.9%
TNK-B-023,2025-08-22 01:10:41,sus-001,ERROR,ERR_4088,Component degradation detected: health=27.0%
TNK-B-023,2025-08-22 05:10:41,sus-001,ERROR,ERR_8008,Component degradation detected: health=25.1%
TNK-B-023,2025-08-22 06:10:41,sus-001,ERROR,ERR_6021,Component degradation detected: health=26.7%
TNK-B-023,2025-08-22 10:10:41,sus-001,ERROR,ERR_7244,Component degradation detected: health=26.8%
TNK-B-023,2025-08-23 18:10:41,sus-001,ERROR,ERR_8287,Component degradation detected: health=22.2%
TNK-B-023,2025-08-23 19:10:41,sus-001,ERROR,ERR_8093,Component degradation detected: health=22.2%
TNK-B-023,2025-08-24 00:10:41,sus-001,ERROR,ERR_9301,Component degradation detected: health=22.5%
TNK-B-023,2025-08-24 04:10:41,sus-001,ERROR,ERR_9093,Component degradation detected: health=19.6%
TNK-B-023,2025-08-24 06:10:41,sus-001,INFO,INFO_0000,Routine system check completed
TNK-B-023,2025-08-24 19:10:41,sus-001,ERROR,ERR_1230,Component degradation detected: health=18.2%
TNK-B-023,2025-08-25 05:10:41,sus-001,ERROR,ERR_3045,Component degradation detected: health=17.2%
TNK-B-023,2025-08-26 03:10:41,sus-001,ERROR,ERR_4313,Component degradation detected: health=15.3%
TNK-B-023,2025-08-26 04:10:41,sus-001,ERROR,ERR_8929,Component degradation detected: health=14.7%
TNK-B-023,2025-08-26 09:10:41,sus-001,INFO,INFO_0000,Routine system check completed
TNK-B-023,2025-08-28 03:10:41,sus-001,ERROR,ERR_9905,Component degradation detected: health=10.7%
TNK-B-023,2025-08-28 07:10:41,sus-001,ERROR,ERR_7271,Component degradation detected: health=10.3%
TNK-B-023,2025-08-28 11:10:41,sus-001,ERROR,ERR_8252,Component degradation detected: health=10.1%
TNK-B-023,2025-08-28 12:10:41,sus-001,ERROR,ERR_6601,Component degradation detected: health=9.7%
TNK-B-023,2025-08-28 20:10:41,sus-001,ERROR,ERR_4248,Component degradation detected: health=8.8%
TNK-B-023,2025-08-28 22:10:41,sus-001,ERROR,ERR_7056,Component degradation detected: health=8.9%
TNK-B-023,2025-08-29 03:10:41,sus-001,INFO,INFO_0000,Routine system check completed
TNK-B-023,2025-08-29 09:10:41,sus-001,ERROR,ERR_6331,Component degradation detected: health=8.3%
TNK-B-023,2025-08-30 01:10:41,sus-001,ERROR,ERR_7101,Component degradation detected: health=6.6%
TNK-B-023,2025-09-01 09:10:41,sus-001,ERROR,ERR_2338,Component degradation detected: health=4.4%
TNK-B-023,2025-09-01 13:10:41,sus-001,ERROR,ERR_5398,Component degradation detected: health=4.4%
TNK-B-023,2025-09-02 00:10:41,sus-001,ERROR,ERR_8626,Component degradation detected: health=3.7%
TNK-B-023,2025-09-02 04:10:41,sus-001,ERROR,ERR_8698,Component degradation detected: health=4.0%
TNK-B-023,2025-09-02 10:10:41,sus-001,ERROR,ERR_4577,Component degradation detected: health=3.4%
TNK-B-023,2025-09-02 14:10:41,sus-001,ERROR,ERR_5294,Component degradation detected: health=3.6%
TNK-B-023,2025-09-03 08:10:41,sus-001,ERROR,ERR_7941,Component degradation detected: health=3.0%
TNK-B-023,2025-09-03 22:10:41,sus-001,ERROR,ERR_2730,Component degradation detected: health=2.5%
TNK-B-023,2025-09-04 18:10:41,sus-001,ERROR,ERR_9601,Component degradation detected: health=2.2%
TNK-B-023,2025-09-05 16:10:41,sus-001,ERROR,ERR_3302,Component degradation detected: health=1.7%
TNK-B-023,2025-09-06 02:10:41,sus-001,ERROR,ERR_6186,Component degradation detected: health=1.6%
TNK-B-023,2025-09-06 22:10:41,sus-001,ERROR,ERR_5106,Component degradation detected: health=1.4%
TNK-B-023,2025-09-07 15:10:41,sus-001,ERROR,ERR_5842,Component degradation detected: health=1.1%
TNK-B-023,2025-09-08 10:10:41,sus-001,ERROR,ERR_4507,Component degradation detected: health=0.8%
TNK-B-023,2025-09-08 14:10:41,sus-001,ERROR,ERR_8138,Component degradation detected: health=0.9%
TNK-B-023,2025-09-08 23:10:41,sus-001,ERROR,ERR_8596,Component degradation detected: health=0.7%
TNK-B-023,2025-09-10 01:10:41,sus-001,ERROR,ERR_1011,Component degradation detected: health=0.6%
TNK-B-023,2025-09-10 13:10:41,sus-001,ERROR,ERR_2915,Component degradation detected: health=0.4%
TNK-B-023,2025-09-10 18:10:41,sus-001,ERROR,ERR_1824,Component degradation detected: health=0.5%
TNK-B-023,2025-09-11 02:10:41,sus-001,ERROR,ERR_3356,Component degradation detected: health=0.4%
TNK-B-023,2025-09-11 12:10:41,sus-001,ERROR,ERR_1390,Component degradation detected: health=0.4%
TNK-B-023,2025-09-11 20:10:41,sus-001,ERROR,ERR_1366,Component degradation detected: health=0.4%
TNK-B-023,2025-09-12 09:10:41,sus-001,ERROR,ERR_2729,Component degradation detected: health=0.3%
TNK-B-023,2025-09-12 11:10:41,sus-001,ERROR,ERR_7642,Component degradation detected: health=0.3%
TNK-B-023,2025-09-12 12:10:41,sus-001,ERROR,ERR_5957,Component degradation detected: health=0.3%
TNK-B-023,2025-09-12 14:10:41,sus-001,ERROR,ERR_6416,Component degradation detected: health=0.3%
TNK-B-023,2025-09-12 16:10:41,sus-001,ERROR,ERR_3822,Component degradation detected: health=0.3%
TNK-B-023,2025-09-13 06:10:41,sus-001,ERROR,ERR_2752,Component degradation detected: health=0.2%
TNK-B-023,2025-09-13 09:10:41,sus-001,ERROR,ERR_4204,Component degradation detected: health=0.2%
TNK-B-023,2025-09-13 15:10:41,sus-001,ERROR,ERR_5302,Component degradation detected: health=0.2%
TNK-B-023,2025-09-13 18:10:41,sus-001,ERROR,ERR_3092,Component degradation detected: health=0.2%
TNK-B-023,2025-09-13 20:10:41,sus-001,ERROR,ERR_4759,Component degradation detected: health=0.2%
TNK-B-023,2025-09-14 02:10:41,sus-001,ERROR,ERR_5777,Component degradation detected: health=0.2%
TNK-B-023,2025-09-14 06:10:41,sus-001,ERROR,ERR_4827,Component degradation detected: health=0.2%
TNK-B-023,2025-09-14 13:10:41,sus-001,ERROR,ERR_5060,Component degradation detected: health=0.2%
TNK-B-023,2025-09-14 14:10:41,sus-001,ERROR,ERR_3694,Component degradation detected: health=0.2%
TNK-B-023,2025-09-15 01:10:41,sus-001,ERROR,ERR_3746,Component degradation detected: health=0.1%
TNK-B-023,2025-09-15 08:10:41,sus-001,ERROR,ERR_7365,Component degradation detected: health=0.1%
TNK-B-023,2025-09-15 10:10:41,sus-001,ERROR,ERR_7180,Component degradation detected: health=0.1%
TNK-B-023,2025-09-15 13:10:41,sus-001,ERROR,ERR_6572,Component degradation detected: health=0.1%
TNK-B-023,2025-09-15 14:10:41,sus-001,ERROR,ERR_6421,Component degradation detected: health=0.1%
TNK-B-023,2025-09-16 18:10:41,sus-001,ERROR,ERR_4113,Component degradation detected: health=0.1%
TNK-B-023,2025-09-16 19:10:41,sus-001,ERROR,ERR_2709,Component degradation detected: health=0.1%
TNK-B-023,2025-09-17 04:10:41,sus-001,ERROR,ERR_2690,Component degradation detected: health=0.1%
TNK-B-023,2025-09-17 08:10:41,sus-001,ERROR,ERR_6251,Component degradation detected: health=0.1%
TNK-B-023,2025-09-18 01:10:41,sus-001,ERROR,ERR_1291,Component degradation detected: health=0.1%
TNK-B-023,2025-09-18 10:10:41,sus-001,ERROR,ERR_2002,Component degradation detected: health=0.0%
TNK-B-023,2025-09-18 11:10:41,sus-001,ERROR,ERR_9890,Component degradation detected: health=0.0%
TNK-B-023,2025-09-19 01:10:41,sus-001,ERROR,ERR_7785,Component degradation detected: health=0.0%
TNK-B-023,2025-09-19 02:10:41,sus-001,ERROR,ERR_6993,Component degradation detected: health=0.0%
TNK-B-023,2025-09-19 09:10:41,sus-001,ERROR,ERR_1031,Component degradation detected: health=0.0%
TNK-B-023,2025-09-19 14:10:41,sus-001,ERROR,ERR_6198,Component degradation detected: health=0.0%
TNK-B-023,2025-09-20 03:10:41,sus-001,ERROR,ERR_6469,Component degradation detected: health=0.0%
TNK-B-023,2025-09-20 10:10:41,sus-001,ERROR,ERR_5512,Component degradation detected: health=0.0%
TNK-B-023,2025-09-20 15:10:41,sus-001,ERROR,ERR_1351,Component degradation detected: health=0.0%
TNK-B-023,2025-09-20 17:10:41,sus-001,ERROR,ERR_3695,Component degradation detected: health=0.0%
TNK-B-023,2025-09-20 20:10:41,sus-001,ERROR,ERR_6970,Component degradation detected: health=0.0%
TNK-B-023,2025-09-21 09:10:41,sus-001,ERROR,ERR_5207,Component degradation detected: health=0.0%
TNK-B-023,2025-09-21 16:10:41,sus-001,ERROR,ERR_9267,Component degradation detected: health=0.0%
TNK-B-023,2025-09-21 17:10:41,sus-001,ERROR,ERR_1303,Component degradation detected: health=0.0%
TNK-B-023,2025-09-22 03:10:41,sus-001,ERROR,ERR_5526,Component degradation detected: health=0.0%
TNK-B-023,2025-09-22 08:10:41,sus-001,ERROR,ERR_5413,Component degradation detected: health=0.0%
TNK-B-023,2025-09-23 12:10:41,sus-001,ERROR,ERR_9627,Component degradation detected: health=0.0%
TNK-B-023,2025-09-24 00:10:41,sus-001,ERROR,ERR_9986,Component degradation detected: health=0.0%
TNK-B-023,2025-09-24 10:10:41,sus-001,ERROR,ERR_8300,Component degradation detected: health=0.0%
TNK-B-023,2025-09-24 22:10:41,sus-001,ERROR,ERR_9391,Component degradation detected: health=0.0%
TNK-B-023,2025-09-25 03:10:41,sus-001,ERROR,ERR_3738,Component degradation detected: health=0.0%
TNK-B-023,2025-09-25 11:10:41,sus-001,ERROR,ERR_8353,Component degradation detected: health=0.0%
TNK-B-023,2025-09-26 01:10:41,sus-001,ERROR,ERR_2024,Component degradation detected: health=0.0%
TNK-B-023,2025-09-26 23:10:41,sus-001,ERROR,ERR_8641,Component degradation detected: health=0.0%
TNK-B-023,2025-09-29 04:10:41,sus-001,ERROR,ERR_6082,Component degradation detected: health=0.0%
TNK-B-023,2025-09-30 00:10:41,sus-001,ERROR,ERR_2333,Component degradation detected: health=0.0%
TNK-B-023,2025-10-02 03:10:41,sus-001,ERROR,ERR_9605,Component degradation detected: health=0.0%
TNK-B-023,2025-10-02 07:10:41,sus-001,ERROR,ERR_4528,Component degradation detected: health=0.0%
TNK-B-023,2025-10-02 08:10:41,sus-001,ERROR,ERR_3506,Component degradation detected: health=0.0%
TNK-B-023,2025-10-02 19:10:41,sus-001,ERROR,ERR_5502,Component degradation detected: health=0.0%
TNK-B-023,2025-10-02 21:10:41,sus-001,ERROR,ERR_2081,Component degradation detected: health=0.0%
TNK-B-023,2025-10-03 04:10:41,sus-001,ERROR,ERR_9525,Component degradation detected: health=0.0%
TNK-B-023,2025-10-03 09:10:41,sus-001,ERROR,ERR_1645,Component degradation detected: health=0.0%
TNK-B-023,2025-10-03 10:10:41,sus-001,ERROR,ERR_3274,Component degradation detected: health=0.0%
TNK-B-023,2025-10-03 12:10:41,sus-001,ERROR,ERR_6873,Component degradation detected: health=0.0%
TNK-B-023,2025-10-03 21:10:41,sus-001,ERROR,ERR_3220,Component degradation detected: health=0.0%
TNK-B-023,2025-10-03 23:10:41,sus-001,ERROR,ERR_3703,Component degradation detected: health=0.0%
TNK-B-023,2025-10-04 01:10:41,sus-001,ERROR,ERR_9391,Component degradation detected: health=0.0%
TNK-B-023,2025-10-04 05:10:41,sus-001,ERROR,ERR_7833,Component degradation detected: health=0.0%
TNK-B-023,2025-10-04 08:10:41,sus-001,ERROR,ERR_7238,Component degradation detected: health=0.0%
TNK-B-023,2025-10-04 18:10:41,sus-001,ERROR,ERR_7626,Component degradation detected: health=0.0%
TNK-B-023,2025-10-05 04:10:41,sus-001,ERROR,ERR_5963,Component degradation detected: health=0.0%
TNK-B-023,2025-10-05 16:10:41,sus-001,ERROR,ERR_9421,Component degradation detected: health=0.0%
TNK-B-023,2025-10-06 02:10:41,sus-001,ERROR,ERR_7739,Component degradation detected: health=0.0%
TNK-B-023,2025-10-06 20:10:41,sus-001,ERROR,ERR_4473,Component degradation detected: health=0.0%
TNK-B-023,2025-10-07 02:10:41,sus-001,ERROR,ERR_3211,Component degradation detected: health=0.0%
TNK-B-023,2025-10-07 15:10:41,sus-001,ERROR,ERR_7087,Component degradation detected: health=0.0%
TNK-B-023,2025-10-08 09:10:41,sus-001,ERROR,ERR_1433,Component degradation detected: health=0.0%
TNK-B-023,2025-10-08 15:10:41,sus-001,ERROR,ERR_5945,Component degradation detected: health=0.0%
TNK-B-023,2025-10-08 17:10:41,sus-001,ERROR,ERR_9035,Component degradation detected: health=0.0%
TNK-B-023,2025-10-09 00:10:41,sus-001,ERROR,ERR_4729,Component degradation detected: health=0.0%
TNK-B-023,2025-10-09 01:10:41,sus-001,INFO,INFO_0000,Routine system check completed
TNK-B-023,2025-10-09 02:10:41,sus-001,ERROR,ERR_7849,Component degradation detected: health=0.0%
TNK-B-023,2025-10-09 04:10:41,sus-001,ERROR,ERR_5554,Component degradation detected: health=0.0%
TNK-B-023,2025-10-09 10:10:41,sus-001,ERROR,ERR_4883,Component degradation detected: health=0.0%
TNK-B-023,2025-10-09 12:10:41,sus-001,ERROR,ERR_1160,Component degradation detected: health=0.0%
TNK-B-023,2025-10-09 18:10:41,sus-001,ERROR,ERR_4316,Component degradation detected: health=0.0%
TNK-B-023,2025-10-10 04:10:41,sus-001,ERROR,ERR_7700,Component degradation detected: health=0.0%
TNK-B-023,2025-10-10 06:10:41,sus-001,ERROR,ERR_8277,Component degradation detected: health=0.0%
TNK-B-023,2025-10-10 10:10:41,sus-001,ERROR,ERR_9784,Component degradation detected: health=0.0%
TNK-B-023,2025-10-10 13:10:41,sus-001,ERROR,ERR_1158,Component degradation detected: health=0.0%
TNK-B-023,2025-10-10 15:10:41,sus-001,ERROR,ERR_8456,Component degradation detected: health=0.0%
TNK-B-023,2025-10-11 04:10:41,sus-001,ERROR,ERR_7364,Component degradation detected: health=0.0%
TNK-B-023,2025-10-11 17:10:41,sus-001,ERROR,ERR_8995,Component degradation detected: health=0.0%
TNK-B-023,2025-10-12 01:10:41,sus-001,ERROR,ERR_1541,Component degradation detected: health=0.0%
TNK-B-023,2025-10-12 06:10:41,sus-001,ERROR,ERR_6774,Component degradation detected: health=0.0%
TNK-B-023,2025-10-12 07:10:41,sus-001,ERROR,ERR_9777,Component degradation detected: health=0.0%
TNK-B-023,2025-10-12 20:10:41,sus-001,ERROR,ERR_1477,Component degradation detected: health=0.0%
TNK-B-023,2025-10-12 21:10:41,sus-001,ERROR,ERR_2735,Component degradation detected: health=0.0%
TNK-B-023,2025-10-13 08:10:41,sus-001,ERROR,ERR_8737,Component degradation detected: health=0.0%
TNK-B-023,2025-10-13 15:10:41,sus-001,ERROR,ERR_9098,Component degradation detected: health=0.0%
TNK-B-023,2025-10-13 16:10:41,sus-001,ERROR,ERR_1605,Component degradation detected: health=0.0%
TNK-B-023,2025-10-13 19:10:41,sus-001,ERROR,ERR_9231,Component degradation detected: health=0.0%
TNK-B-023,2025-10-14 05:10:41,sus-001,ERROR,ERR_5674,Component degradation detected: health=0.0%
TNK-B-023,2025-10-14 17:10:41,sus-001,ERROR,ERR_9632,Component degradation detected: health=0.0%
TNK-B-023,2025-10-15 15:10:41,sus-001,ERROR,ERR_8565,Component degradation detected: health=0.0%
TNK-B-023,2025-10-15 18:10:41,sus-001,ERROR,ERR_5114,Component degradation detected: health=0.0%
TNK-B-023,2025-10-16 06:10:41,sus-001,ERROR,ERR_8424,Component degradation detected: health=0.0%
TNK-B-023,2025-10-17 00:10:41,sus-001,ERROR,ERR_8976,Component degradation detected: health=0.0%
TNK-B-023,2025-10-17 07:10:41,sus-001,ERROR,ERR_6915,Component degradation detected: health=0.0%
TNK-B-023,2025-10-17 15:10:41,sus-001,ERROR,ERR_5110,Component degradation detected: health=0.0%
TNK-B-023,2025-10-19 15:10:41,sus-001,ERROR,ERR_9082,Component degradation detected: health=0.0%
TNK-B-023,2025-10-19 17:10:41,sus-001,ERROR,ERR_9126,Component degradation detected: health=0.0%
TNK-B-023,2025-10-20 06:10:41,sus-001,ERROR,ERR_1287,Component degradation detected: health=0.0%
TNK-B-023,2025-10-20 07:10:41,sus-001,ERROR,ERR_3170,Component degradation detected: health=0.0%
TNK-B-023,2025-10-20 20:10:41,sus-001,ERROR,ERR_2015,Component degradation detected: health=0.0%
TNK-B-023,2025-10-21 00:10:41,sus-001,ERROR,ERR_4563,Component degradation detected: health=0.0%
TNK-B-023,2025-10-21 19:10:41,sus-001,ERROR,ERR_5764,Component degradation detected: health=0.0%
TNK-B-023,2025-10-23 18:10:41,sus-001,ERROR,ERR_1222,Component degradation detected: health=0.0%
TNK-B-023,2025-10-23 22:10:41,sus-001,ERROR,ERR_1435,Component degradation detected: health=0.0%
TNK-B-023,2025-10-24 04:10:41,sus-001,ERROR,ERR_3580,Component degradation detected: health=0.0%
TNK-B-023,2025-10-25 01:10:41,sus-001,ERROR,ERR_2791,Component degradation detected: health=0.0%
TNK-B-023,2025-10-25 09:10:41,sus-001,ERROR,ERR_7271,Component degradation detected: health=0.0%
TNK-B-023,2025-10-26 04:10:41,sus-001,ERROR,ERR_2068,Component degradation detected: health=0.0%
TNK-B-023,2025-10-26 11:10:41,sus-001,ERROR,ERR_5702,Component degradation detected: health=0.0%
TNK-B-023,2025-10-26 20:10:41,sus-001,ERROR,ERR_3054,Component degradation detected: health=0.0%
TNK-B-023,2025-10-27 02:10:41,sus-001,ERROR,ERR_5228,Component degradation detected: health=0.0%
TNK-B-023,2025-10-27 13:10:41,sus-001,ERROR,ERR_4990,Component degradation detected: health=0.0%
TNK-B-023,2025-10-27 15:10:41,sus-001,ERROR,ERR_6711,Component degradation detected: health=0.0%
TNK-B-023,2025-10-27 16:10:41,sus-001,ERROR,ERR_4054,Component degradation detected: health=0.0%
TNK-B-023,2025-10-28 03:10:41,sus-001,ERROR,ERR_1891,Component degradation detected: health=0.0%
TNK-B-023,2025-10-29 06:10:41,sus-001,ERROR,ERR_5573,Component degradation detected: health=0.0%
TNK-B-023,2025-10-29 10:10:41,sus-001,ERROR,ERR_2463,Component degradation detected: health=0.0%
TNK-B-023,2025-10-30 08:10:41,sus-001,ERROR,ERR_9261,Component degradation detected: health=0.0%
TNK-B-023,2025-10-30 12:10:41,sus-001,ERROR,ERR_2078,Component degradation detected: health=0.0%
TNK-B-023,2025-10-31 13:10:41,sus-001,ERROR,ERR_8521,Component degradation detected: health=0.0%
TNK-B-023,2025-08-23 07:10:42,fcs-001,WARNING,ERR_4719,Component degradation detected: health=59.4%
TNK-B-023,2025-08-24 08:10:42,fcs-001,WARNING,ERR_2407,Component degradation detected: health=59.2%
TNK-B-023,2025-08-24 10:10:42,fcs-001,WARNING,ERR_8906,Component degradation detected: health=57.6%
TNK-B-023,2025-08-25 19:10:42,fcs-001,WARNING,ERR_3913,Component degradation detected: health=54.2%
TNK-B-023,2025-08-26 08:10:42,fcs-001,WARNING,ERR_1670,Component degradation detected: health=49.3%
TNK-B-023,2025-08-26 15:10:42,fcs-001,WARNING,ERR_9862,Component degradation detected: health=48.6%
TNK-B-023,2025-08-26 21:10:42,fcs-001,WARNING,ERR_5463,Component degradation detected: health=43.9%
TNK-B-023,2025-08-28 22:10:42,fcs-001,WARNING,ERR_6091,Component degradation detected: health=40.3%
TNK-B-023,2025-08-28 23:10:42,fcs-001,ERROR,ERR_7515,Component degradation detected: health=37.6%
TNK-B-023,2025-08-29 20:10:42,fcs-001,ERROR,ERR_8554,Component degradation detected: health=31.4%
TNK-B-023,2025-08-29 21:10:42,fcs-001,ERROR,ERR_6252,Component degradation detected: health=33.6%
TNK-B-023,2025-08-30 04:10:42,fcs-001,ERROR,ERR_9419,Component degradation detected: health=34.7%
TNK-B-023,2025-08-30 05:10:42,fcs-001,ERROR,ERR_4953,Component degradation detected: health=33.8%
TNK-B-023,2025-08-30 16:10:42,fcs-001,ERROR,ERR_1946,Component degradation detected: health=30.8%
TNK-B-023,2025-08-31 02:10:42,fcs-001,ERROR,ERR_5581,Component degradation detected: health=29.1%
TNK-B-023,2025-08-31 15:10:42,fcs-001,ERROR,ERR_7437,Component degradation detected: health=24.6%
TNK-B-023,2025-08-31 17:10:42,fcs-001,ERROR,ERR_5273,Component degradation detected: health=24.8%
TNK-B-023,2025-09-01 06:10:42,fcs-001,ERROR,ERR_9438,Component degradation detected: health=23.0%
TNK-B-023,2025-09-01 12:10:42,fcs-001,ERROR,ERR_8543,Component degradation detected: health=23.4%
TNK-B-023,2025-09-01 17:10:42,fcs-001,ERROR,ERR_9042,Component degradation detected: health=22.8%
TNK-B-023,2025-09-02 07:10:42,fcs-001,ERROR,ERR_2652,Component degradation detected: health=19.6%
TNK-B-023,2025-09-02 10:10:42,fcs-001,INFO,INFO_0000,Routine system check completed
TNK-B-023,2025-09-02 12:10:42,fcs-001,ERROR,ERR_2358,Component degradation detected: health=18.7%
TNK-B-023,2025-09-02 20:10:42,fcs-001,ERROR,ERR_5048,Component degradation detected: health=19.1%
TNK-B-023,2025-09-03 03:10:42,fcs-001,ERROR,ERR_5385,Component degradation detected: health=17.0%
TNK-B-023,2025-09-03 04:10:42,fcs-001,ERROR,ERR_4442,Component degradation detected: health=19.0%
TNK-B-023,2025-09-03 19:10:42,fcs-001,ERROR,ERR_5532,Component degradation detected: health=16.6%
TNK-B-023,2025-09-03 22:10:42,fcs-001,ERROR,ERR_9853,Component degradation detected: health=16.6%
TNK-B-023,2025-09-03 23:10:42,fcs-001,ERROR,ERR_3085,Component degradation detected: health=16.1%
TNK-B-023,2025-09-04 01:10:42,fcs-001,ERROR,ERR_1578,Component degradation detected: health=16.9%
TNK-B-023,2025-09-04 03:10:42,fcs-001,ERROR,ERR_5078,Component degradation detected: health=15.0%
TNK-B-023,2025-09-04 14:10:42,fcs-001,ERROR,ERR_5151,Component degradation detected: health=13.1%
TNK-B-023,2025-09-04 22:10:42,fcs-001,ERROR,ERR_2957,Component degradation detected: health=12.9%
TNK-B-023,2025-09-05 03:10:42,fcs-001,ERROR,ERR_4499,Component degradation detected: health=13.4%
TNK-B-023,2025-09-05 05:10:42,fcs-001,ERROR,ERR_6913,Component degradation detected: health=12.9%
TNK-B-023,2025-09-05 05:10:42,fcs-001,INFO,INFO_0000,Routine system check completed
TNK-B-023,2025-09-06 06:10:42,fcs-001,ERROR,ERR_4421,Component degradation detected: health=9.8%
TNK-B-023,2025-09-06 09:10:42,fcs-001,ERROR,ERR_9278,Component degradation detected: health=9.7%
TNK-B-023,2025-09-06 18:10:42,fcs-001,ERROR,ERR_3842,Component degradation detected: health=9.6%
TNK-B-023,2025-09-07 05:10:42,fcs-001,ERROR,ERR_3543,Component degradation detected: health=8.1%
TNK-B-023,2025-09-07 10:10:42,fcs-001,ERROR,ERR_1537,Component degradation detected: health=9.0%
TNK-B-023,2025-09-08 02:10:42,fcs-001,ERROR,ERR_5067,Component degradation detected: health=6.6%
TNK-B-023,2025-09-08 04:10:42,fcs-001,ERROR,ERR_1379,Component degradation detected: health=7.0%
TNK-B-023,2025-09-08 14:10:42,fcs-001,ERROR,ERR_8728,Component degradation detected: health=6.2%
TNK-B-023,2025-09-09 06:10:42,fcs-001,ERROR,ERR_3447,Component degradation detected: health=5.3%
TNK-B-023,2025-09-09 07:10:42,fcs-001,ERROR,ERR_3317,Component degradation detected: health=5.0%
TNK-B-023,2025-09-09 09:10:42,fcs-001,ERROR,ERR_4948,Component degradation detected: health=5.5%
TNK-B-023,2025-09-09 11:10:42,fcs-001,ERROR,ERR_9302,Component degradation detected: health=4.7%
TNK-B-023,2025-09-09 16:10:42,fcs-001,ERROR,ERR_5182,Component degradation detected: health=5.0%
TNK-B-023,2025-09-11 10:10:42,fcs-001,INFO,INFO_0000,Routine system check completed
TNK-B-023,2025-09-11 13:10:42,fcs-001,ERROR,ERR_5604,Component degradation detected: health=3.0%
TNK-B-023,2025-09-11 20:10:42,fcs-001,ERROR,ERR_2600,Component degradation detected: health=2.8%
TNK-B-023,2025-09-11 23:10:42,fcs-001,ERROR,ERR_1969,Component degradation detected: health=2.6%
TNK-B-023,2025-09-12 04:10:42,fcs-001,ERROR,ERR_2915,Component degradation detected: health=2.8%
TNK-B-023,2025-09-12 05:10:42,fcs-001,ERROR,ERR_8730,Component degradation detected: health=2.6%
TNK-B-023,2025-09-12 18:10:42,fcs-001,ERROR,ERR_7486,Component degradation detected: health=2.1%
TNK-B-023,2025-09-13 11:10:42,fcs-001,ERROR,ERR_3271,Component degradation detected: health=1.9%
TNK-B-023,2025-09-13 13:10:42,fcs-001,ERROR,ERR_1601,Component degradation detected: health=1.8%
TNK-B-023,2025-09-13 14:10:42,fcs-001,ERROR,ERR_4467,Component degradation detected: health=1.7%
TNK-B-023,2025-09-15 16:10:42,fcs-001,ERROR,ERR_4031,Component degradation detected: health=1.0%
TNK-B-023,2025-09-16 02:10:42,fcs-001,ERROR,ERR_6312,Component degradation detected: health=0.8%
TNK-B-023,2025-09-16 09:10:42,fcs-001,ERROR,ERR_2329,Component degradation detected: health=0.6%
TNK-B-023,2025-09-16 14:10:42,fcs-001,ERROR,ERR_3134,Component degradation detected: health=0.7%
TNK-B-023,2025-09-16 19:10:42,fcs-001,ERROR,ERR_9433,Component degradation detected: health=0.6%
TNK-B-023,2025-09-17 17:10:42,fcs-001,ERROR,ERR_4831,Component degradation detected: health=0.5%
TNK-B-023,2025-09-17 20:10:42,fcs-001,ERROR,ERR_8171,Component degradation detected: health=0.4%
TNK-B-023,2025-09-17 22:10:42,fcs-001,ERROR,ERR_8141,Component degradation detected: health=0.4%
TNK-B-023,2025-09-19 08:10:42,fcs-001,ERROR,ERR_5110,Component degradation detected: health=0.2%
TNK-B-023,2025-09-19 17:10:42,fcs-001,ERROR,ERR_7252,Component degradation detected: health=0.2%
TNK-B-023,2025-09-19 20:10:42,fcs-001,ERROR,ERR_3833,Component degradation detected: health=0.2%
TNK-B-023,2025-09-19 21:10:42,fcs-001,ERROR,ERR_1284,Component degradation detected: health=0.2%
TNK-B-023,2025-09-19 23:10:42,fcs-001,ERROR,ERR_1907,Component degradation detected: health=0.2%
TNK-B-023,2025-09-20 00:10:42,fcs-001,ERROR,ERR_2174,Component degradation detected: health=0.2%
TNK-B-023,2025-09-20 02:10:42,fcs-001,ERROR,ERR_3795,Component degradation detected: health=0.2%
TNK-B-023,2025-09-20 18:10:42,fcs-001,INFO,INFO_0000,Routine system check completed
TNK-B-023,2025-09-21 05:10:42,fcs-001,ERROR,ERR_8450,Component degradation detected: health=0.1%
TNK-B-023,2025-09-22 07:10:42,fcs-001,ERROR,ERR_6530,Component degradation detected: health=0.1%
TNK-B-023,2025-09-22 09:10:42,fcs-001,ERROR,ERR_7591,Component degradation detected: health=0.1%
TNK-B-023,2025-09-22 10:10:42,fcs-001,ERROR,ERR_9477,Component degradation detected: health=0.1%
TNK-B-023,2025-09-22 16:10:42,fcs-001,ERROR,ERR_9873,Component degradation detected: health=0.1%
TNK-B-023,2025-09-22 19:10:42,fcs-001,ERROR,ERR_7072,Component degradation detected: health=0.1%
TNK-B-023,2025-09-22 20:10:42,fcs-001,ERROR,ERR_5939,Component degradation detected: health=0.1%
TNK-B-023,2025-09-23 00:10:42,fcs-001,INFO,INFO_0000,Routine system check completed
TNK-B-023,2025-09-23 03:10:42,fcs-001,ERROR,ERR_9629,Component degradation detected: health=0.1%
TNK-B-023,2025-09-23 09:10:42,fcs-001,ERROR,ERR_4955,Component degradation detected: health=0.0%
TNK-B-023,2025-09-23 14:10:42,fcs-001,ERROR,ERR_5418,Component degradation detected: health=0.0%
TNK-B-023,2025-09-24 03:10:42,fcs-001,ERROR,ERR_6878,Component degradation detected: health=0.0%
TNK-B-023,2025-09-24 12:10:42,fcs-001,ERROR,ERR_9456,Component degradation detected: health=0.0%
TNK-B-023,2025-09-24 13:10:42,fcs-001,ERROR,ERR_2435,Component degradation detected: health=0.0%
TNK-B-023,2025-09-24 20:10:42,fcs-001,ERROR,ERR_3682,Component degradation detected: health=0.0%
TNK-B-023,2025-09-25 02:10:42,fcs-001,ERROR,ERR_1649,Component degradation detected: health=0.0%
TNK-B-023,2025-09-26 11:10:42,fcs-001,ERROR,ERR_6994,Component degradation detected: health=0.0%
TNK-B-023,2025-09-26 14:10:42,fcs-001,ERROR,ERR_4955,Component degradation detected: health=0.0%
TNK-B-023,2025-09-27 00:10:42,fcs-001,ERROR,ERR_8337,Component degradation detected: health=0.0%
TNK-B-023,2025-09-27 02:10:42,fcs-001,ERROR,ERR_5567,Component degradation detected: health=0.0%
TNK-B-023,2025-09-27 17:10:42,fcs-001,ERROR,ERR_4879,Component degradation detected: health=0.0%
TNK-B-023,2025-09-27 19:10:42,fcs-001,ERROR,ERR_8284,Component degradation detected: health=0.0%
TNK-B-023,2025-09-28 11:10:42,fcs-001,ERROR,ERR_4476,Component degradation detected: health=0.0%
TNK-B-023,2025-09-28 13:10:42,fcs-001,ERROR,ERR_5234,Component degradation detected: health=0.0%
TNK-B-023,2025-09-28 16:10:42,fcs-001,ERROR,ERR_2897,Component degradation detected: health=0.0%
TNK-B-023,2025-09-29 00:10:42,fcs-001,ERROR,ERR_7813,Component degradation detected: health=0.0%
TNK-B-023,2025-09-29 06:10:42,fcs-001,ERROR,ERR_7560,Component degradation detected: health=0.0%
TNK-B-023,2025-09-29 14:10:42,fcs-001,ERROR,ERR_9118,Component degradation detected: health=0.0%
TNK-B-023,2025-09-29 15:10:42,fcs-001,ERROR,ERR_7901,Component degradation detected: health=0.0%
TNK-B-023,2025-09-29 23:10:42,fcs-001,ERROR,ERR_5897,Component degradation detected: health=0.0%
TNK-B-023,2025-09-30 05:10:42,fcs-001,ERROR,ERR_3183,Component degradation detected: health=0.0%
TNK-B-023,2025-09-30 10:10:42,fcs-001,ERROR,ERR_1854,Component degradation detected: health=0.0%
TNK-B-023,2025-09-30 16:10:42,fcs-001,ERROR,ERR_2779,Component degradation detected: health=0.0%
TNK-B-023,2025-10-01 05:10:42,fcs-001,ERROR,ERR_2693,Component degradation detected: health=0.0%
TNK-B-023,2025-10-01 08:10:42,fcs-001,ERROR,ERR_2238,Component degradation detected: health=0.0%
TNK-B-023,2025-10-01 16:10:42,fcs-001,ERROR,ERR_4901,Component degradation detected: health=0.0%
TNK-B-023,2025-10-01 20:10:42,fcs-001,ERROR,ERR_6564,Component degradation detected: health=0.0%
TNK-B-023,2025-10-02 06:10:42,fcs-001,ERROR,ERR_8647,Component degradation detected: health=0.0%
TNK-B-023,2025-10-03 03:10:42,fcs-001,ERROR,ERR_8092,Component degradation detected: health=0.0%
TNK-B-023,2025-10-03 15:10:42,fcs-001,ERROR,ERR_7257,Component degradation detected: health=0.0%
TNK-B-023,2025-10-04 00:10:42,fcs-001,ERROR,ERR_6108,Component degradation detected: health=0.0%
TNK-B-023,2025-10-04 15:10:42,fcs-001,ERROR,ERR_9936,Component degradation detected: health=0.0%
TNK-B-023,2025-10-05 00:10:42,fcs-001,ERROR,ERR_1265,Component degradation detected: health=0.0%
TNK-B-023,2025-10-06 04:10:42,fcs-001,INFO,INFO_0000,Routine system check completed
TNK-B-023,2025-10-06 07:10:42,fcs-001,ERROR,ERR_9471,Component degradation detected: health=0.0%
TNK-B-023,2025-10-06 09:10:42,fcs-001,ERROR,ERR_3945,Component degradation detected: health=0.0%
TNK-B-023,2025-10-06 13:10:42,fcs-001,ERROR,ERR_8786,Component degradation detected: health=0.0%
TNK-B-023,2025-10-07 07:10:42,fcs-001,ERROR,ERR_1469,Component degradation detected: health=0.0%
TNK-B-023,2025-10-07 15:10:42,fcs-001,ERROR,ERR_9943,Component degradation detected: health=0.0%
TNK-B-023,2025-10-07 16:10:42,fcs-001,ERROR,ERR_6362,Component degradation detected: health=0.0%
TNK-B-023,2025-10-07 17:10:42,fcs-001,ERROR,ERR_8891,Component degradation detected: health=0.0%
TNK-B-023,2025-10-08 03:10:42,fcs-001,ERROR,ERR_7506,Component degradation detected: health=0.0%
TNK-B-023,2025-10-08 17:10:42,fcs-001,ERROR,ERR_7114,Component degradation detected: health=0.0%
TNK-B-023,2025-10-09 09:10:42,fcs-001,ERROR,ERR_3203,Component degradation detected: health=0.0%
TNK-B-023,2025-10-09 12:10:42,fcs-001,ERROR,ERR_3373,Component degradation detected: health=0.0%
TNK-B-023,2025-10-09 13:10:42,fcs-001,ERROR,ERR_5257,Component degradation detected: health=0.0%
TNK-B-023,2025-10-09 15:10:42,fcs-001,ERROR,ERR_6274,Component degradation detected: health=0.0%
TNK-B-023,2025-10-09 20:10:42,fcs-001,ERROR,ERR_8244,Component degradation detected: health=0.0%
TNK-B-023,2025-10-09 21:10:42,fcs-001,ERROR,ERR_2781,Component degradation detected: health=0.0%
TNK-B-023,2025-10-12 18:10:42,fcs-001,ERROR,ERR_5433,Component degradation detected: health=0.0%
TNK-B-023,2025-10-12 21:10:42,fcs-001,ERROR,ERR_8593,Component degradation detected: health=0.0%
TNK-B-023,2025-10-14 04:10:42,fcs-001,ERROR,ERR_6077,Component degradation detected: health=0.0%
TNK-B-023,2025-10-14 08:10:42,fcs-001,ERROR,ERR_4987,Component degradation detected: health=0.0%
TNK-B-023,2025-10-14 09:10:42,fcs-001,ERROR,ERR_2333,Component degradation detected: health=0.0%
TNK-B-023,2025-10-14 17:10:42,fcs-001,ERROR,ERR_2024,Component degradation detected: health=0.0%
TNK-B-023,2025-10-14 21:10:42,fcs-001,ERROR,ERR_3765,Component degradation detected: health=0.0%
TNK-B-023,2025-10-16 06:10:42,fcs-001,ERROR,ERR_1752,Component degradation detected: health=0.0%
TNK-B-023,2025-10-16 07:10:42,fcs-001,ERROR,ERR_5423,Component degradation detected: health=0.0%
TNK-B-023,2025-10-16 08:10:42,fcs-001,ERROR,ERR_6128,Component degradation detected: health=0.0%
TNK-B-023,2025-10-16 14:10:42,fcs-001,ERROR,ERR_1485,Component degradation detected: health=0.0%
TNK-B-023,2025-10-16 16:10:42,fcs-001,ERROR,ERR_8235,Component degradation detected: health=0.0%
TNK-B-023,2025-10-17 00:10:42,fcs-001,ERROR,ERR_5127,Component degradation detected: health=0.0%
TNK-B-023,2025-10-18 18:10:42,fcs-001,ERROR,ERR_6717,Component degradation detected: health=0.0%
TNK-B-023,2025-10-18 23:10:42,fcs-001,ERROR,ERR_9773,Component degradation detected: health=0.0%
TNK-B-023,2025-10-19 00:10:42,fcs-001,ERROR,ERR_1831,Component degradation detected: health=0.0%
TNK-B-023,2025-10-19 02:10:42,fcs-001,ERROR,ERR_2970,Component degradation detected: health=0.0%
TNK-B-023,2025-10-19 16:10:42,fcs-001,ERROR,ERR_2199,Component degradation detected: health=0.0%
TNK-B-023,2025-10-20 16:10:42,fcs-001,ERROR,ERR_6450,Component degradation detected: health=0.0%
TNK-B-023,2025-10-21 11:10:42,fcs-001,ERROR,ERR_4804,Component degradation detected: health=0.0%
TNK-B-023,2025-10-22 12:10:42,fcs-001,ERROR,ERR_9336,Component degradation detected: health=0.0%
TNK-B-023,2025-10-22 15:10:42,fcs-001,ERROR,ERR_5893,Component degradation detected: health=0.0%
TNK-B-023,2025-10-22 16:10:42,fcs-001,ERROR,ERR_5777,Component degradation detected: health=0.0%
TNK-B-023,2025-10-22 22:10:42,fcs-001,ERROR,ERR_8403,Component degradation detected: health=0.0%
TNK-B-023,2025-10-22 23:10:42,fcs-001,ERROR,ERR_5471,Component degradation detected: health=0.0%
TNK-B-023,2025-10-23 03:10:42,fcs-001,ERROR,ERR_2929,Component degradation detected: health=0.0%
TNK-B-023,2025-10-23 06:10:42,fcs-001,ERROR,ERR_9458,Component degradation detected: health=0.0%
TNK-B-023,2025-10-23 20:10:42,fcs-001,ERROR,ERR_2600,Component degradation detected: health=0.0%
TNK-B-023,2025-10-23 22:10:42,fcs-001,ERROR,ERR_5940,Component degradation detected: health=0.0%
TNK-B-023,2025-10-24 00:10:42,fcs-001,ERROR,ERR_3071,Component degradation detected: health=0.0%
TNK-B-023,2025-10-24 07:10:42,fcs-001,ERROR,ERR_6338,Component degradation detected: health=0.0%
TNK-B-023,2025-10-24 15:10:42,fcs-001,ERROR,ERR_9000,Component degradation detected: health=0.0%
TNK-B-023,2025-10-24 18:10:42,fcs-001,ERROR,ERR_3698,Component degradation detected: health=0.0%
TNK-B-023,2025-10-25 11:10:42,fcs-001,ERROR,ERR_6536,Component degradation detected: health=0.0%
TNK-B-023,2025-10-26 07:10:42,fcs-001,ERROR,ERR_3615,Component degradation detected: health=0.0%
TNK-B-023,2025-10-27 01:10:42,fcs-001,ERROR,ERR_4199,Component degradation detected: health=0.0%
TNK-B-023,2025-10-27 13:10:42,fcs-001,ERROR,ERR_4302,Component degradation detected: health=0.0%
TNK-B-023,2025-10-29 18:10:42,fcs-001,ERROR,ERR_2998,Component degradation detected: health=0.0%
TNK-B-023,2025-10-29 19:10:42,fcs-001,ERROR,ERR_7887,Component degradation detected: health=0.0%
TNK-B-023,2025-10-29 21:10:42,fcs-001,ERROR,ERR_6271,Component degradation detected: health=0.0%
TNK-B-023,2025-10-30 00:10:42,fcs-001,ERROR,ERR_9559,Component degradation detected: health=0.0%
TNK-B-023,2025-10-30 16:10:42,fcs-001,ERROR,ERR_9476,Component degradation detected: health=0.0%
TNK-B-023,2025-10-30 18:10:42,fcs-001,ERROR,ERR_3146,Component degradation detected: health=0.0%
TNK-B-023,2025-10-31 05:10:42,fcs-001,ERROR,ERR_4233,Component degradation detected: health=0.0%
TNK-B-023,2025-10-31 07:10:42,fcs-001,ERROR,ERR_2867,Component degradation detected: health=0.0%
TNK-B-023,2025-10-31 11:10:42,fcs-001,ERROR,ERR_1488,Component degradation detected: health=0.0%
TNK-B-023,2025-10-31 13:10:42,fcs-001,ERROR,ERR_2773,Component degradation detected: health=0.0%
TNK-B-023,2025-10-31 14:10:42,fcs-001,ERROR,ERR_7604,Component degradation detected: health=0.0%
TNK-B-023,2025-10-31 15:10:42,fcs-001,ERROR,ERR_2523,Component degradation detected: health=0.0%
TNK-B-023,2025-11-01 00:10:42,fcs-001,ERROR,ERR_6734,Component degradation detected: health=0.0%
TNK-B-023,2025-08-06 11:10:42,com-001,INFO,INFO_0000,Routine system check completed
TNK-B-023,2025-08-21 13:10:42,com-001,WARNING,ERR_6086,Component degradation detected: health=55.0%
TNK-B-023,2025-08-22 09:10:42,com-001,WARNING,ERR_8706,Component degradation detected: health=59.7%
TNK-B-023,2025-08-23 21:10:42,com-001,WARNING,ERR_1508,Component degradation detected: health=49.4%
TNK-B-023,2025-08-24 00:10:42,com-001,WARNING,ERR_9073,Component degradation detected: health=49.8%
TNK-B-023,2025-08-24 04:10:42,com-001,WARNING,ERR_6094,Component degradation detected: health=49.5%
TNK-B-023,2025-08-24 09:10:42,com-001,WARNING,ERR_1675,Component degradation detected: health=41.8%
TNK-B-023,2025-08-24 14:10:42,com-001,WARNING,ERR_9545,Component degradation detected: health=42.3%
TNK-B-023,2025-08-24 17:10:42,com-001,WARNING,ERR_7922,Component degradation detected: health=45.1%
TNK-B-023,2025-08-25 21:10:42,com-001,ERROR,ERR_5899,Component degradation detected: health=39.4%
TNK-B-023,2025-08-25 22:10:42,com-001,ERROR,ERR_1905,Component degradation detected: health=39.4%
TNK-B-023,2025-08-26 19:10:42,com-001,ERROR,ERR_9692,Component degradation detected: health=35.4%
TNK-B-023,2025-08-27 14:10:42,com-001,ERROR,ERR_4737,Component degradation detected: health=30.4%
TNK-B-023,2025-08-27 16:10:42,com-001,ERROR,ERR_6277,Component degradation detected: health=34.0%
TNK-B-023,2025-08-28 01:10:42,com-001,ERROR,ERR_3577,Component degradation detected: health=29.2%
TNK-B-023,2025-08-28 05:10:42,com-001,ERROR,ERR_1732,Component degradation detected: health=28.7%
TNK-B-023,2025-08-28 09:10:42,com-001,ERROR,ERR_6544,Component degradation detected: health=28.0%
TNK-B-023,2025-08-29 00:10:42,com-001,ERROR,ERR_8323,Component degradation detected: health=26.8%
TNK-B-023,2025-08-29 05:10:42,com-001,ERROR,ERR_1532,Component degradation detected: health=26.2%
TNK-B-023,2025-08-30 05:10:42,com-001,ERROR,ERR_9780,Component degradation detected: health=21.4%
TNK-B-023,2025-08-30 09:10:42,com-001,ERROR,ERR_8595,Component degradation detected: health=18.6%
TNK-B-023,2025-08-31 08:10:42,com-001,ERROR,ERR_5430,Component degradation detected: health=17.9%
TNK-B-023,2025-08-31 12:10:42,com-001,ERROR,ERR_4065,Component degradation detected: health=19.4%
TNK-B-023,2025-08-31 15:10:42,com-001,ERROR,ERR_5283,Component degradation detected: health=17.5%
TNK-B-023,2025-08-31 18:10:42,com-001,ERROR,ERR_5046,Component degradation detected: health=17.3%
TNK-B-023,2025-09-01 03:10:42,com-001,ERROR,ERR_3168,Component degradation detected: health=16.4%
TNK-B-023,2025-09-01 18:10:42,com-001,ERROR,ERR_6768,Component degradation detected: health=13.8%
TNK-B-023,2025-09-02 19:10:42,com-001,ERROR,ERR_7485,Component degradation detected: health=12.2%
TNK-B-023,2025-09-02 20:10:42,com-001,ERROR,ERR_9599,Component degradation detected: health=12.5%
TNK-B-023,2025-09-03 03:10:42,com-001,ERROR,ERR_5149,Component degradation detected: health=11.6%
TNK-B-023,2025-09-03 07:10:42,com-001,INFO,INFO_0000,Routine system check completed
TNK-B-023,2025-09-03 13:10:42,com-001,ERROR,ERR_1945,Component degradation detected: health=10.1%
TNK-B-023,2025-09-04 00:10:42,com-001,ERROR,ERR_9696,Component degradation detected: health=10.0%
TNK-B-023,2025-09-04 15:10:42,com-001,ERROR,ERR_2889,Component degradation detected: health=8.8%
TNK-B-023,2025-09-05 22:10:42,com-001,ERROR,ERR_8455,Component degradation detected: health=6.2%
TNK-B-023,2025-09-06 05:10:42,com-001,ERROR,ERR_3672,Component degradation detected: health=5.7%
TNK-B-023,2025-09-06 09:10:42,com-001,ERROR,ERR_8003,Component degradation detected: health=5.6%
TNK-B-023,2025-09-07 05:10:42,com-001,ERROR,ERR_1651,Component degradation detected: health=3.9%
TNK-B-023,2025-09-07 22:10:42,com-001,ERROR,ERR_1106,Component degradation detected: health=3.8%
TNK-B-023,2025-09-07 23:10:42,com-001,ERROR,ERR_4769,Component degradation detected: health=4.1%
TNK-B-023,2025-09-08 03:10:42,com-001,ERROR,ERR_3409,Component degradation detected: health=3.5%
TNK-B-023,2025-09-08 11:10:42,com-001,ERROR,ERR_2537,Component degradation detected: health=3.4%
TNK-B-023,2025-09-08 18:10:42,com-001,ERROR,ERR_8813,Component degradation detected: health=3.0%
TNK-B-023,2025-09-08 22:10:42,com-001,ERROR,ERR_5268,Component degradation detected: health=2.9%
TNK-B-023,2025-09-09 01:10:42,com-001,ERROR,ERR_8175,Component degradation detected: health=2.8%
TNK-B-023,2025-09-09 04:10:42,com-001,ERROR,ERR_4432,Component degradation detected: health=2.6%
TNK-B-023,2025-09-09 05:10:42,com-001,ERROR,ERR_6326,Component degradation detected: health=2.7%
TNK-B-023,2025-09-09 07:10:42,com-001,ERROR,ERR_4842,Component degradation detected: health=2.7%
TNK-B-023,2025-09-09 16:10:42,com-001,ERROR,ERR_8254,Component degradation detected: health=2.3%
TNK-B-023,2025-09-10 02:10:42,com-001,ERROR,ERR_2720,Component degradation detected: health=2.2%
TNK-B-023,2025-09-10 05:10:42,com-001,ERROR,ERR_9139,Component degradation detected: health=1.9%
TNK-B-023,2025-09-10 11:10:42,com-001,ERROR,ERR_5708,Component degradation detected: health=1.9%
TNK-B-023,2025-09-10 12:10:42,com-001,ERROR,ERR_6342,Component degradation detected: health=1.9%
TNK-B-023,2025-09-10 17:10:42,com-001,ERROR,ERR_8750,Component degradation detected: health=1.8%
TNK-B-023,2025-09-11 04:10:42,com-001,ERROR,ERR_2099,Component degradation detected: health=1.6%
TNK-B-023,2025-09-11 17:10:42,com-001,ERROR,ERR_6210,Component degradation detected: health=1.2%
TNK-B-023,2025-09-12 08:10:42,com-001,ERROR,ERR_1418,Component degradation detected: health=1.2%
TNK-B-023,2025-09-12 09:10:42,com-001,ERROR,ERR_5180,Component degradation detected: health=1.1%
TNK-B-023,2025-09-12 12:10:42,com-001,ERROR,ERR_7462,Component degradation detected: health=1.0%
TNK-B-023,2025-09-12 13:10:42,com-001,ERROR,ERR_1486,Component degradation detected: health=0.9%
TNK-B-023,2025-09-12 19:10:42,com-001,ERROR,ERR_7403,Component degradation detected: health=0.9%
TNK-B-023,2025-09-13 02:10:42,com-001,ERROR,ERR_8234,Component degradation detected: health=0.8%
TNK-B-023,2025-09-13 04:10:42,com-001,ERROR,ERR_7656,Component degradation detected: health=0.8%
TNK-B-023,2025-09-13 11:10:42,com-001,ERROR,ERR_1268,Component degradation detected: health=0.7%
TNK-B-023,2025-09-14 01:10:42,com-001,ERROR,ERR_3105,Component degradation detected: health=0.5%
TNK-B-023,2025-09-14 16:10:42,com-001,INFO,INFO_0000,Routine system check completed
TNK-B-023,2025-09-14 20:10:42,com-001,ERROR,ERR_7552,Component degradation detected: health=0.5%
TNK-B-023,2025-09-15 07:10:42,com-001,ERROR,ERR_6481,Component degradation detected: health=0.4%
TNK-B-023,2025-09-15 18:10:42,com-001,ERROR,ERR_1867,Component degradation detected: health=0.3%
TNK-B-023,2025-09-16 15:10:42,com-001,ERROR,ERR_9227,Component degradation detected: health=0.2%
TNK-B-023,2025-09-16 16:10:42,com-001,ERROR,ERR_5703,Component degradation detected: health=0.2%
TNK-B-023,2025-09-17 11:10:42,com-001,ERROR,ERR_6873,Component degradation detected: health=0.2%
TNK-B-023,2025-09-18 00:10:42,com-001,ERROR,ERR_8827,Component degradation detected: health=0.1%
TNK-B-023,2025-09-18 02:10:42,com-001,ERROR,ERR_8586,Component degradation detected: health=0.1%
TNK-B-023,2025-09-18 13:10:42,com-001,ERROR,ERR_3682,Component degradation detected: health=0.1%
TNK-B-023,2025-09-19 01:10:42,com-001,ERROR,ERR_1122,Component degradation detected: health=0.1%
TNK-B-023,2025-09-19 11:10:42,com-001,ERROR,ERR_1520,Component degradation detected: health=0.1%
TNK-B-023,2025-09-20 12:10:42,com-001,ERROR,ERR_1115,Component degradation detected: health=0.0%
TNK-B-023,2025-09-20 14:10:42,com-001,ERROR,ERR_3753,Component degradation detected: health=0.0%
TNK-B-023,2025-09-21 16:10:42,com-001,ERROR,ERR_6537,Component degradation detected: health=0.0%
TNK-B-023,2025-09-22 00:10:42,com-001,ERROR,ERR_9042,Component degradation detected: health=0.0%
TNK-B-023,2025-09-22 02:10:42,com-001,ERROR,ERR_4044,Component degradation detected: health=0.0%
TNK-B-023,2025-09-23 20:10:42,com-001,ERROR,ERR_2230,Component degradation detected: health=0.0%
TNK-B-023,2025-09-23 21:10:42,com-001,ERROR,ERR_8143,Component degradation detected: health=0.0%
TNK-B-023,2025-09-24 02:10:42,com-001,ERROR,ERR_8438,Component degradation detected: health=0.0%
TNK-B-023,2025-09-24 05:10:42,com-001,ERROR,ERR_3223,Component degradation detected: health=0.0%
TNK-B-023,2025-09-24 20:10:42,com-001,ERROR,ERR_3027,Component degradation detected: health=0.0%
TNK-B-023,2025-09-25 00:10:42,com-001,ERROR,ERR_9081,Component degradation detected: health=0.0%
TNK-B-023,2025-09-25 11:10:42,com-001,ERROR,ERR_6267,Component degradation detected: health=0.0%
TNK-B-023,2025-09-25 17:10:42,com-001,ERROR,ERR_8198,Component degradation detected: health=0.0%
TNK-B-023,2025-09-25 21:10:42,com-001,ERROR,ERR_8780,Component degradation detected: health=0.0%
TNK-B-023,2025-09-26 09:10:42,com-001,ERROR,ERR_4698,Component degradation detected: health=0.0%
TNK-B-023,2025-09-26 15:10:42,com-001,ERROR,ERR_8208,Component degradation detected: health=0.0%
TNK-B-023,2025-09-26 23:10:42,com-001,ERROR,ERR_5685,Component degradation detected: health=0.0%
TNK-B-023,2025-09-27 12:10:42,com-001,ERROR,ERR_5724,Component degradation detected: health=0.0%
TNK-B-023,2025-09-27 14:10:42,com-001,ERROR,ERR_1732,Component degradation detected: health=0.0%
TNK-B-023,2025-09-27 17:10:42,com-001,ERROR,ERR_1339,Component degradation detected: health=0.0%
TNK-B-023,2025-09-27 18:10:42,com-001,ERROR,ERR_6554,Component degradation detected: health=0.0%
TNK-B-023,2025-09-27 22:10:42,com-001,ERROR,ERR_9123,Component degradation detected: health=0.0%
TNK-B-023,2025-09-29 05:10:42,com-001,ERROR,ERR_9654,Component degradation detected: health=0.0%
TNK-B-023,2025-09-29 08:10:42,com-001,ERROR,ERR_1084,Component degradation detected: health=0.0%
TNK-B-023,2025-09-29 23:10:42,com-001,ERROR,ERR_5533,Component degradation detected: health=0.0%
TNK-B-023,2025-09-30 04:10:42,com-001,ERROR,ERR_4436,Component degradation detected: health=0.0%
TNK-B-023,2025-09-30 06:10:42,com-001,ERROR,ERR_5104,Component degradation detected: health=0.0%
TNK-B-023,2025-10-01 02:10:42,com-001,ERROR,ERR_7617,Component degradation detected: health=0.0%
TNK-B-023,2025-10-01 18:10:42,com-001,ERROR,ERR_7378,Component degradation detected: health=0.0%
TNK-B-023,2025-10-02 02:10:42,com-001,ERROR,ERR_3329,Component degradation detected: health=0.0%
TNK-B-023,2025-10-02 06:10:42,com-001,ERROR,ERR_7472,Component degradation detected: health=0.0%
TNK-B-023,2025-10-02 15:10:42,com-001,ERROR,ERR_9615,Component degradation detected: health=0.0%
TNK-B-023,2025-10-02 18:10:42,com-001,ERROR,ERR_6355,Component degradation detected: health=0.0%
TNK-B-023,2025-10-02 21:10:42,com-001,ERROR,ERR_7099,Component degradation detected: health=0.0%
TNK-B-023,2025-10-03 04:10:42,com-001,ERROR,ERR_6838,Component degradation detected: health=0.0%
TNK-B-023,2025-10-03 08:10:42,com-001,ERROR,ERR_8800,Component degradation detected: health=0.0%
TNK-B-023,2025-10-03 20:10:42,com-001,ERROR,ERR_3542,Component degradation detected: health=0.0%
TNK-B-023,2025-10-04 19:10:42,com-001,ERROR,ERR_2367,Component degradation detected: health=0.0%
TNK-B-023,2025-10-04 20:10:42,com-001,ERROR,ERR_1675,Component degradation detected: health=0.0%
TNK-B-023,2025-10-04 22:10:42,com-001,ERROR,ERR_4732,Component degradation detected: health=0.0%
TNK-B-023,2025-10-05 16:10:42,com-001,ERROR,ERR_4511,Component degradation detected: health=0.0%
TNK-B-023,2025-10-05 23:10:42,com-001,ERROR,ERR_6613,Component degradation detected: health=0.0%
TNK-B-023,2025-10-06 08:10:42,com-001,ERROR,ERR_8421,Component degradation detected: health=0.0%
TNK-B-023,2025-10-07 10:10:42,com-001,ERROR,ERR_7928,Component degradation detected: health=0.0%
TNK-B-023,2025-10-08 20:10:42,com-001,ERROR,ERR_6232,Component degradation detected: health=0.0%
TNK-B-023,2025-10-08 22:10:42,com-001,ERROR,ERR_8737,Component degradation detected: health=0.0%
TNK-B-023,2025-10-08 23:10:42,com-001,ERROR,ERR_1064,Component degradation detected: health=0.0%
TNK-B-023,2025-10-09 12:10:42,com-001,ERROR,ERR_9199,Component degradation detected: health=0.0%
TNK-B-023,2025-10-10 08:10:42,com-001,INFO,INFO_0000,Routine system check completed
TNK-B-023,2025-10-10 15:10:42,com-001,ERROR,ERR_6714,Component degradation detected: health=0.0%
TNK-B-023,2025-10-10 17:10:42,com-001,ERROR,ERR_8933,Component degradation detected: health=0.0%
TNK-B-023,2025-10-10 23:10:42,com-001,ERROR,ERR_7826,Component degradation detected: health=0.0%
TNK-B-023,2025-10-11 02:10:42,com-001,ERROR,ERR_8654,Component degradation detected: health=0.0%
TNK-B-023,2025-10-11 09:10:42,com-001,ERROR,ERR_8261,Component degradation detected: health=0.0%
TNK-B-023,2025-10-12 09:10:42,com-001,ERROR,ERR_1056,Component degradation detected: health=0.0%
TNK-B-023,2025-10-14 03:10:42,com-001,ERROR,ERR_3794,Component degradation detected: health=0.0%
TNK-B-023,2025-10-14 12:10:42,com-001,INFO,INFO_0000,Routine system check completed
TNK-B-023,2025-10-14 23:10:42,com-001,ERROR,ERR_4512,Component degradation detected: health=0.0%
TNK-B-023,2025-10-15 09:10:42,com-001,ERROR,ERR_6003,Component degradation detected: health=0.0%
TNK-B-023,2025-10-15 11:10:42,com-001,INFO,INFO_0000,Routine system check completed
TNK-B-023,2025-10-15 12:10:42,com-001,ERROR,ERR_9863,Component degradation detected: health=0.0%
TNK-B-023,2025-10-16 22:10:42,com-001,ERROR,ERR_2313,Component degradation detected: health=0.0%
TNK-B-023,2025-10-17 09:10:42,com-001,ERROR,ERR_6042,Component degradation detected: health=0.0%
TNK-B-023,2025-10-18 05:10:42,com-001,ERROR,ERR_2284,Component degradation detected: health=0.0%
TNK-B-023,2025-10-18 09:10:42,com-001,ERROR,ERR_8375,Component degradation detected: health=0.0%
TNK-B-023,2025-10-18 10:10:42,com-001,ERROR,ERR_5765,Component degradation detected: health=0.0%
TNK-B-023,2025-10-18 15:10:42,com-001,ERROR,ERR_9471,Component degradation detected: health=0.0%
TNK-B-023,2025-10-18 18:10:42,com-001,ERROR,ERR_7807,Component degradation detected: health=0.0%
TNK-B-023,2025-10-18 19:10:42,com-001,ERROR,ERR_6930,Component degradation detected: health=0.0%
TNK-B-023,2025-10-19 07:10:42,com-001,ERROR,ERR_2990,Component degradation detected: health=0.0%
TNK-B-023,2025-10-19 08:10:42,com-001,ERROR,ERR_4101,Component degradation detected: health=0.0%
TNK-B-023,2025-10-19 10:10:42,com-001,ERROR,ERR_2914,Component degradation detected: health=0.0%
TNK-B-023,2025-10-19 18:10:42,com-001,ERROR,ERR_5074,Component degradation detected: health=0.0%
TNK-B-023,2025-10-20 20:10:42,com-001,ERROR,ERR_1482,Component degradation detected: health=0.0%
TNK-B-023,2025-10-21 01:10:42,com-001,ERROR,ERR_7071,Component degradation detected: health=0.0%
TNK-B-023,2025-10-21 06:10:42,com-001,ERROR,ERR_4052,Component degradation detected: health=0.0%
TNK-B-023,2025-10-22 08:10:42,com-001,ERROR,ERR_8663,Component degradation detected: health=0.0%
TNK-B-023,2025-10-23 17:10:42,com-001,ERROR,ERR_9914,Component degradation detected: health=0.0%
TNK-B-023,2025-10-24 10:10:42,com-001,ERROR,ERR_5335,Component degradation detected: health=0.0%
TNK-B-023,2025-10-24 10:10:42,com-001,INFO,INFO_0000,Routine system check completed
TNK-B-023,2025-10-24 21:10:42,com-001,ERROR,ERR_2322,Component degradation detected: health=0.0%
TNK-B-023,2025-10-25 08:10:42,com-001,ERROR,ERR_8478,Component degradation detected: health=0.0%
TNK-B-023,2025-10-25 23:10:42,com-001,ERROR,ERR_5164,Component degradation detected: health=0.0%
TNK-B-023,2025-10-26 04:10:42,com-001,ERROR,ERR_4664,Component degradation detected: health=0.0%
TNK-B-023,2025-10-26 12:10:42,com-001,ERROR,ERR_7597,Component degradation detected: health=0.0%
TNK-B-023,2025-10-26 23:10:42,com-001,ERROR,ERR_5391,Component degradation detected: health=0.0%
TNK-B-023,2025-10-27 01:10:42,com-001,ERROR,ERR_1973,Component degradation detected: health=0.0%
TNK-B-023,2025-10-27 12:10:42,com-001,ERROR,ERR_3200,Component degradation detected: health=0.0%
TNK-B-023,2025-10-27 16:10:42,com-001,ERROR,ERR_4658,Component degradation detected: health=0.0%
TNK-B-023,2025-10-28 04:10:42,com-001,ERROR,ERR_1793,Component degradation detected: health=0.0%
TNK-B-023,2025-10-28 09:10:42,com-001,ERROR,ERR_1699,Component degradation detected: health=0.0%
TNK-B-023,2025-10-28 14:10:42,com-001,ERROR,ERR_3206,Component degradation detected: health=0.0%
TNK-B-023,2025-10-28 17:10:42,com-001,ERROR,ERR_5307,Component degradation detected: health=0.0%
TNK-B-023,2025-10-29 08:10:42,com-001,ERROR,ERR_8398,Component degradation detected: health=0.0%
TNK-B-023,2025-10-29 20:10:42,com-001,ERROR,ERR_3852,Component degradation detected: health=0.0%
TNK-B-023,2025-10-29 22:10:42,com-001,ERROR,ERR_8942,Component degradation detected: health=0.0%
TNK-B-023,2025-10-31 23:10:42,com-001,ERROR,ERR_5116,Component degradation detected: health=0.0%
TNK-B-023,2025-11-01 01:10:42,com-001,ERROR,ERR_6137,Component degradation detected: health=0.0%
